ISO-10303-21;
HEADER;
FILE_DESCRIPTION (( 'STEP AP214' ),
    '1' );
FILE_NAME ('零件8.STEP',
    '2026-01-30T01:21:13',
    ( '' ),
    ( '' ),
    'SwSTEP 2.0',
    'SolidWorks 2021',
    '' );
FILE_SCHEMA (( 'AUTOMOTIVE_DESIGN' ));
ENDSEC;

DATA;
#1 = DIRECTION ( 'NONE',  ( -0.000000000000000000, 1.000000000000000000, 1.224646799147353207E-16 ) ) ;
#2 = ORIENTED_EDGE ( 'NONE', *, *, #1003, .F. ) ;
#3 = UNCERTAINTY_MEASURE_WITH_UNIT (LENGTH_MEASURE( 1.000000000000000082E-05 ), #660, 'distance_accuracy_value', 'NONE');
#4 = EDGE_CURVE ( 'NONE', #1327, #306, #84, .T. ) ;
#5 = DIRECTION ( 'NONE',  ( -5.178279032766588621E-16, 0.000000000000000000, -1.000000000000000000 ) ) ;
#6 = CIRCLE ( 'NONE', #511, 2.174999999999999822 ) ;
#7 = FILL_AREA_STYLE ('',( #109 ) ) ;
#8 = ORIENTED_EDGE ( 'NONE', *, *, #431, .T. ) ;
#9 = FACE_OUTER_BOUND ( 'NONE', #954, .T. ) ;
#10 = DIRECTION ( 'NONE',  ( 0.000000000000000000, -1.000000000000000000, 0.000000000000000000 ) ) ;
#11 = FILL_AREA_STYLE ('',( #136 ) ) ;
#12 = DIRECTION ( 'NONE',  ( -1.000000000000000000, 0.000000000000000000, 0.000000000000000000 ) ) ;
#13 = CIRCLE ( 'NONE', #35, 0.3499999999999996447 ) ;
#14 = MECHANICAL_DESIGN_GEOMETRIC_PRESENTATION_REPRESENTATION (  '', ( #1071 ), #819 ) ;
#15 = ORIENTED_EDGE ( 'NONE', *, *, #986, .T. ) ;
#16 = STYLED_ITEM ( 'NONE', ( #917 ), #116 ) ;
#17 = TOROIDAL_SURFACE ( 'NONE', #543, 3.174999999999999822, 1.000000000000000000 ) ;
#18 = SURFACE_STYLE_USAGE ( .BOTH. , #408 ) ;
#19 = FILL_AREA_STYLE_COLOUR ( '', #1257 ) ;
#20 = FILL_AREA_STYLE_COLOUR ( '', #359 ) ;
#21 = EDGE_CURVE ( 'NONE', #1025, #646, #602, .T. ) ;
#22 =( GEOMETRIC_REPRESENTATION_CONTEXT ( 3 ) GLOBAL_UNCERTAINTY_ASSIGNED_CONTEXT ( ( #1366 ) ) GLOBAL_UNIT_ASSIGNED_CONTEXT ( ( #862, #659, #216 ) ) REPRESENTATION_CONTEXT ( 'NONE', 'WORKASPACE' ) );
#23 =( NAMED_UNIT ( * ) SI_UNIT ( $, .STERADIAN. ) SOLID_ANGLE_UNIT ( ) );
#24 = EDGE_LOOP ( 'NONE', ( #852, #1268, #1427, #284 ) ) ;
#25 = DIRECTION ( 'NONE',  ( 0.000000000000000000, 0.000000000000000000, 1.000000000000000000 ) ) ;
#26 = LINE ( 'NONE', #843, #417 ) ;
#27 = DIRECTION ( 'NONE',  ( -1.000000000000000000, -0.000000000000000000, -0.000000000000000000 ) ) ;
#28 = EDGE_CURVE ( 'NONE', #1410, #811, #1051, .T. ) ;
#29 = ORIENTED_EDGE ( 'NONE', *, *, #224, .T. ) ;
#30 = SURFACE_SIDE_STYLE ('',( #134 ) ) ;
#31 = EDGE_CURVE ( 'NONE', #222, #881, #1359, .T. ) ;
#32 = DIRECTION ( 'NONE',  ( -0.000000000000000000, -1.000000000000000000, 0.000000000000000000 ) ) ;
#33 = CARTESIAN_POINT ( 'NONE',  ( 6.249999999999999112, 0.000000000000000000, 2.500000000000000444 ) ) ;
#34 = SURFACE_SIDE_STYLE ('',( #1102 ) ) ;
#35 = AXIS2_PLACEMENT_3D ( 'NONE', #644, #879, #12 ) ;
#36 = FILL_AREA_STYLE_COLOUR ( '', #330 ) ;
#37 = DIRECTION ( 'NONE',  ( -1.000000000000000000, -0.000000000000000000, -0.000000000000000000 ) ) ;
#38 = AXIS2_PLACEMENT_3D ( 'NONE', #1146, #779, #1114 ) ;
#39 = PRESENTATION_LAYER_ASSIGNMENT (  '', '', ( #1154 ) ) ;
#40 = COLOUR_RGB ( '',1.000000000000000000, 0.7254901960784313486, 0.5607843137254902022 ) ;
#41 = PRESENTATION_STYLE_ASSIGNMENT (( #553 ) ) ;
#42 = AXIS2_PLACEMENT_3D ( 'NONE', #89, #1419, #1173 ) ;
#43 = DIRECTION ( 'NONE',  ( -1.000000000000000000, -0.000000000000000000, -0.000000000000000000 ) ) ;
#44 =( NAMED_UNIT ( * ) SI_UNIT ( $, .STERADIAN. ) SOLID_ANGLE_UNIT ( ) );
#45 = COLOUR_RGB ( '',1.000000000000000000, 1.000000000000000000, 1.000000000000000000 ) ;
#46 = AXIS2_PLACEMENT_3D ( 'NONE', #64, #487, #1153 ) ;
#47 = EDGE_CURVE ( 'NONE', #1224, #298, #176, .T. ) ;
#48 = DIRECTION ( 'NONE',  ( 0.000000000000000000, 0.000000000000000000, 1.000000000000000000 ) ) ;
#49 = DIRECTION ( 'NONE',  ( 0.000000000000000000, 0.000000000000000000, 1.000000000000000000 ) ) ;
#50 = PRESENTATION_STYLE_ASSIGNMENT (( #571 ) ) ;
#51 = DIRECTION ( 'NONE',  ( -1.000000000000000000, -0.000000000000000000, -0.000000000000000000 ) ) ;
#52 = CIRCLE ( 'NONE', #1347, 1.999999999999999112 ) ;
#53 =( NAMED_UNIT ( * ) PLANE_ANGLE_UNIT ( ) SI_UNIT ( $, .RADIAN. ) );
#54 = FILL_AREA_STYLE_COLOUR ( '', #40 ) ;
#55 = DIRECTION ( 'NONE',  ( 0.000000000000000000, -1.000000000000000000, 0.000000000000000000 ) ) ;
#56 = CARTESIAN_POINT ( 'NONE',  ( -7.750000000000000000, 0.000000000000000000, 2.500000000000000444 ) ) ;
#57 = SURFACE_SIDE_STYLE ('',( #260 ) ) ;
#58 = DIRECTION ( 'NONE',  ( 0.000000000000000000, 0.000000000000000000, 1.000000000000000000 ) ) ;
#59 = TOROIDAL_SURFACE ( 'NONE', #1117, 0.4999999999999995559, 1.999999999999999556 ) ;
#60 = LINE ( 'NONE', #454, #495 ) ;
#61 = AXIS2_PLACEMENT_3D ( 'NONE', #801, #43, #1270 ) ;
#62 = COLOUR_RGB ( '',1.000000000000000000, 0.7254901960784313486, 0.5607843137254902022 ) ;
#63 = DIRECTION ( 'NONE',  ( 0.000000000000000000, 0.000000000000000000, 1.000000000000000000 ) ) ;
#64 = CARTESIAN_POINT ( 'NONE',  ( -4.230484486679745970, 0.000000000000000000, 5.675000000000000711 ) ) ;
#65 = EDGE_CURVE ( 'NONE', #523, #929, #566, .T. ) ;
#66 = SURFACE_STYLE_FILL_AREA ( #79 ) ;
#67 = CARTESIAN_POINT ( 'NONE',  ( 6.911437827766146569, 0.000000000000000000, 2.500000000000000444 ) ) ;
#68 = SURFACE_STYLE_USAGE ( .BOTH. , #780 ) ;
#69 = ORIENTED_EDGE ( 'NONE', *, *, #366, .T. ) ;
#70 = ORIENTED_EDGE ( 'NONE', *, *, #273, .T. ) ;
#71 =( NAMED_UNIT ( * ) PLANE_ANGLE_UNIT ( ) SI_UNIT ( $, .RADIAN. ) );
#72 = FACE_OUTER_BOUND ( 'NONE', #1375, .T. ) ;
#73 =( NAMED_UNIT ( * ) SI_UNIT ( $, .STERADIAN. ) SOLID_ANGLE_UNIT ( ) );
#74 = DIRECTION ( 'NONE',  ( 0.000000000000000000, 0.000000000000000000, -1.000000000000000000 ) ) ;
#75 = EDGE_CURVE ( 'NONE', #964, #959, #747, .T. ) ;
#76 = AXIS2_PLACEMENT_3D ( 'NONE', #781, #1247, #673 ) ;
#77 = ORIENTED_EDGE ( 'NONE', *, *, #662, .T. ) ;
#78 = FILL_AREA_STYLE_COLOUR ( '', #1225 ) ;
#79 = FILL_AREA_STYLE ('',( #1041 ) ) ;
#80 = AXIS2_PLACEMENT_3D ( 'NONE', #228, #27, #1223 ) ;
#81 = PRESENTATION_LAYER_ASSIGNMENT (  '', '', ( #1071 ) ) ;
#82 = FILL_AREA_STYLE ('',( #713 ) ) ;
#83 = SURFACE_STYLE_FILL_AREA ( #485 ) ;
#84 = CIRCLE ( 'NONE', #309, 1.000000000000000000 ) ;
#85 = CIRCLE ( 'NONE', #1052, 1.000000000000000000 ) ;
#86 =( GEOMETRIC_REPRESENTATION_CONTEXT ( 3 ) GLOBAL_UNCERTAINTY_ASSIGNED_CONTEXT ( ( #501 ) ) GLOBAL_UNIT_ASSIGNED_CONTEXT ( ( #858, #743, #170 ) ) REPRESENTATION_CONTEXT ( 'NONE', 'WORKASPACE' ) );
#87 = AXIS2_PLACEMENT_3D ( 'NONE', #1078, #521, #213 ) ;
#88 = ORIENTED_EDGE ( 'NONE', *, *, #283, .F. ) ;
#89 = CARTESIAN_POINT ( 'NONE',  ( 8.949999999999999289, 0.000000000000000000, 2.499999999999999556 ) ) ;
#90 = TOROIDAL_SURFACE ( 'NONE', #205, 0.8000000000000003775, 0.3499999999999996447 ) ;
#91 = EDGE_CURVE ( 'NONE', #837, #1067, #60, .T. ) ;
#92 = CARTESIAN_POINT ( 'NONE',  ( -10.09999999999999787, 0.000000000000000000, 1.700000000000000178 ) ) ;
#93 = CARTESIAN_POINT ( 'NONE',  ( 10.09999999999999964, 0.000000000000000000, -5.000000000000000000 ) ) ;
#94 = ORIENTED_EDGE ( 'NONE', *, *, #4, .T. ) ;
#95 = ORIENTED_EDGE ( 'NONE', *, *, #640, .T. ) ;
#96 =( NAMED_UNIT ( * ) SI_UNIT ( $, .STERADIAN. ) SOLID_ANGLE_UNIT ( ) );
#97 = PRESENTATION_LAYER_ASSIGNMENT (  '', '', ( #172 ) ) ;
#98 = CARTESIAN_POINT ( 'NONE',  ( -4.683177048531114828, 0.000000000000000000, 2.500000000000000444 ) ) ;
#99 = AXIS2_PLACEMENT_3D ( 'NONE', #950, #945, #1421 ) ;
#100 = STYLED_ITEM ( 'NONE', ( #997 ), #786 ) ;
#101 = EDGE_LOOP ( 'NONE', ( #610, #94, #131, #160 ) ) ;
#102 = EDGE_CURVE ( 'NONE', #383, #837, #618, .T. ) ;
#103 = CIRCLE ( 'NONE', #1010, 0.8499999999999996447 ) ;
#104 =( GEOMETRIC_REPRESENTATION_CONTEXT ( 3 ) GLOBAL_UNCERTAINTY_ASSIGNED_CONTEXT ( ( #215 ) ) GLOBAL_UNIT_ASSIGNED_CONTEXT ( ( #639, #1338, #23 ) ) REPRESENTATION_CONTEXT ( 'NONE', 'WORKASPACE' ) );
#105 = ORIENTED_EDGE ( 'NONE', *, *, #1035, .T. ) ;
#106 = MECHANICAL_DESIGN_GEOMETRIC_PRESENTATION_REPRESENTATION (  '', ( #100 ), #638 ) ;
#107 = SURFACE_SIDE_STYLE ('',( #634 ) ) ;
#108 = CIRCLE ( 'NONE', #528, 2.174999999999999822 ) ;
#109 = FILL_AREA_STYLE_COLOUR ( '', #586 ) ;
#110 = ORIENTED_EDGE ( 'NONE', *, *, #75, .F. ) ;
#111 = UNCERTAINTY_MEASURE_WITH_UNIT (LENGTH_MEASURE( 1.000000000000000082E-05 ), #143, 'distance_accuracy_value', 'NONE');
#112 = PRESENTATION_LAYER_ASSIGNMENT (  '', '', ( #579 ) ) ;
#113 = SURFACE_STYLE_FILL_AREA ( #675 ) ;
#114 = CARTESIAN_POINT ( 'NONE',  ( -6.911437827766146569, 2.449293598294706907E-16, 0.5000000000000004441 ) ) ;
#115 = EDGE_LOOP ( 'NONE', ( #369, #864, #1060, #1056 ) ) ;
#116 = ADVANCED_FACE ( 'NONE', ( #1104 ), #498, .T. ) ;
#117 = DIRECTION ( 'NONE',  ( 1.000000000000000000, 0.000000000000000000, 0.000000000000000000 ) ) ;
#118 = FACE_OUTER_BOUND ( 'NONE', #185, .T. ) ;
#119 = SURFACE_STYLE_FILL_AREA ( #980 ) ;
#120 = CIRCLE ( 'NONE', #1195, 1.149999999999999023 ) ;
#121 = ORIENTED_EDGE ( 'NONE', *, *, #1077, .T. ) ;
#122 = AXIS2_PLACEMENT_3D ( 'NONE', #810, #1267, #1255 ) ;
#123 = CARTESIAN_POINT ( 'NONE',  ( 6.911437827766146569, 0.000000000000000000, 4.500000000000000888 ) ) ;
#124 =( NAMED_UNIT ( * ) PLANE_ANGLE_UNIT ( ) SI_UNIT ( $, .RADIAN. ) );
#125 = DIRECTION ( 'NONE',  ( 0.000000000000000000, -1.224646799147352714E-16, 1.000000000000000000 ) ) ;
#126 = FILL_AREA_STYLE_COLOUR ( '', #985 ) ;
#127 =( NAMED_UNIT ( * ) PLANE_ANGLE_UNIT ( ) SI_UNIT ( $, .RADIAN. ) );
#128 =( GEOMETRIC_REPRESENTATION_CONTEXT ( 3 ) GLOBAL_UNCERTAINTY_ASSIGNED_CONTEXT ( ( #777 ) ) GLOBAL_UNIT_ASSIGNED_CONTEXT ( ( #374, #716, #652 ) ) REPRESENTATION_CONTEXT ( 'NONE', 'WORKASPACE' ) );
#129 = CARTESIAN_POINT ( 'NONE',  ( -4.230484486679745970, 0.000000000000000000, 2.500000000000000444 ) ) ;
#130 = CIRCLE ( 'NONE', #754, 0.4499999999999999001 ) ;
#131 = ORIENTED_EDGE ( 'NONE', *, *, #531, .T. ) ;
#132 = FILL_AREA_STYLE ('',( #1116 ) ) ;
#133 = CARTESIAN_POINT ( 'NONE',  ( -7.750000000000000000, 0.000000000000000000, 2.500000000000000444 ) ) ;
#134 = SURFACE_STYLE_FILL_AREA ( #82 ) ;
#135 = SURFACE_SIDE_STYLE ('',( #464 ) ) ;
#136 = FILL_AREA_STYLE_COLOUR ( '', #62 ) ;
#137 =( NAMED_UNIT ( * ) PLANE_ANGLE_UNIT ( ) SI_UNIT ( $, .RADIAN. ) );
#138 = CARTESIAN_POINT ( 'NONE',  ( 4.683177048531114828, 0.000000000000000000, 2.500000000000000444 ) ) ;
#139 = SURFACE_SIDE_STYLE ('',( #267 ) ) ;
#140 = SURFACE_STYLE_FILL_AREA ( #279 ) ;
#141 = CARTESIAN_POINT ( 'NONE',  ( -4.230484486679745970, 0.000000000000000000, 4.675000000000000711 ) ) ;
#142 = UNCERTAINTY_MEASURE_WITH_UNIT (LENGTH_MEASURE( 1.000000000000000082E-05 ), #1020, 'distance_accuracy_value', 'NONE');
#143 =( LENGTH_UNIT ( ) NAMED_UNIT ( * ) SI_UNIT ( .MILLI., .METRE. ) );
#144 = PRESENTATION_STYLE_ASSIGNMENT (( #1250 ) ) ;
#145 = SURFACE_SIDE_STYLE ('',( #764 ) ) ;
#146 = STYLED_ITEM ( 'NONE', ( #1111 ), #1030 ) ;
#147 = EDGE_CURVE ( 'NONE', #908, #529, #1262, .T. ) ;
#148 =( LENGTH_UNIT ( ) NAMED_UNIT ( * ) SI_UNIT ( .MILLI., .METRE. ) );
#149 = AXIS2_PLACEMENT_3D ( 'NONE', #585, #1018, #49 ) ;
#150 =( GEOMETRIC_REPRESENTATION_CONTEXT ( 3 ) GLOBAL_UNCERTAINTY_ASSIGNED_CONTEXT ( ( #1048 ) ) GLOBAL_UNIT_ASSIGNED_CONTEXT ( ( #245, #137, #1198 ) ) REPRESENTATION_CONTEXT ( 'NONE', 'WORKASPACE' ) );
#151 = CIRCLE ( 'NONE', #42, 0.3499999999999996447 ) ;
#152 = FACE_OUTER_BOUND ( 'NONE', #845, .T. ) ;
#153 = DIRECTION ( 'NONE',  ( 0.000000000000000000, -1.224646799147352714E-16, 1.000000000000000000 ) ) ;
#154 = SURFACE_SIDE_STYLE ('',( #683 ) ) ;
#155 = STYLED_ITEM ( 'NONE', ( #158 ), #1330 ) ;
#156 = AXIS2_PLACEMENT_3D ( 'NONE', #568, #693, #348 ) ;
#157 = CARTESIAN_POINT ( 'NONE',  ( -8.949999999999999289, 0.000000000000000000, 1.700000000000000178 ) ) ;
#158 = PRESENTATION_STYLE_ASSIGNMENT (( #1124 ) ) ;
#159 = DIRECTION ( 'NONE',  ( 0.000000000000000000, -1.224646799147353454E-16, 1.000000000000000000 ) ) ;
#160 = ORIENTED_EDGE ( 'NONE', *, *, #1394, .F. ) ;
#161 = ORIENTED_EDGE ( 'NONE', *, *, #446, .T. ) ;
#162 = MECHANICAL_DESIGN_GEOMETRIC_PRESENTATION_REPRESENTATION (  '', ( #1062 ), #508 ) ;
#163 = CARTESIAN_POINT ( 'NONE',  ( -9.400000000000000355, 4.286263797015731048E-17, 1.700000000000000178 ) ) ;
#164 = SURFACE_SIDE_STYLE ('',( #1285 ) ) ;
#165 = DIRECTION ( 'NONE',  ( 0.000000000000000000, 0.000000000000000000, 1.000000000000000000 ) ) ;
#166 = AXIS2_PLACEMENT_3D ( 'NONE', #806, #1273, #281 ) ;
#167 = ORIENTED_EDGE ( 'NONE', *, *, #442, .T. ) ;
#168 = ORIENTED_EDGE ( 'NONE', *, *, #102, .F. ) ;
#169 = ADVANCED_FACE ( 'NONE', ( #1069 ), #710, .F. ) ;
#170 =( NAMED_UNIT ( * ) SI_UNIT ( $, .STERADIAN. ) SOLID_ANGLE_UNIT ( ) );
#171 = FILL_AREA_STYLE ('',( #906 ) ) ;
#172 = STYLED_ITEM ( 'NONE', ( #50 ), #1184 ) ;
#173 = ORIENTED_EDGE ( 'NONE', *, *, #688, .F. ) ;
#174 = EDGE_LOOP ( 'NONE', ( #2, #1390, #627, #1191 ) ) ;
#175 = AXIS2_PLACEMENT_3D ( 'NONE', #364, #807, #1274 ) ;
#176 = CIRCLE ( 'NONE', #1199, 0.5000000000000000000 ) ;
#177 = AXIS2_PLACEMENT_3D ( 'NONE', #1312, #824, #606 ) ;
#178 = EDGE_CURVE ( 'NONE', #274, #298, #1179, .T. ) ;
#179 = CARTESIAN_POINT ( 'NONE',  ( -8.949999999999999289, 4.286263797015731048E-17, 1.700000000000000178 ) ) ;
#180 = DIRECTION ( 'NONE',  ( 0.000000000000000000, 0.000000000000000000, 1.000000000000000000 ) ) ;
#181 = ORIENTED_EDGE ( 'NONE', *, *, #31, .F. ) ;
#182 = FILL_AREA_STYLE ('',( #493 ) ) ;
#183 = EDGE_CURVE ( 'NONE', #885, #1224, #346, .T. ) ;
#184 = MECHANICAL_DESIGN_GEOMETRIC_PRESENTATION_REPRESENTATION (  '', ( #155 ), #1125 ) ;
#185 = EDGE_LOOP ( 'NONE', ( #311, #121, #744, #1301 ) ) ;
#186 = CARTESIAN_POINT ( 'NONE',  ( -7.750000000000000000, 0.000000000000000000, 2.850000000000000089 ) ) ;
#187 = DIRECTION ( 'NONE',  ( -1.000000000000000000, -0.000000000000000000, -0.000000000000000000 ) ) ;
#188 = FACE_OUTER_BOUND ( 'NONE', #976, .T. ) ;
#189 = CARTESIAN_POINT ( 'NONE',  ( -4.230484486679745970, 3.888253587292846081E-16, -0.6749999999999993783 ) ) ;
#190 = COLOUR_RGB ( '',0.8509803921568627194, 0.8509803921568627194, 0.8509803921568627194 ) ;
#191 = PRESENTATION_STYLE_ASSIGNMENT (( #68 ) ) ;
#192 = VERTEX_POINT ( 'NONE', #572 ) ;
#193 = DIRECTION ( 'NONE',  ( -1.000000000000000000, -0.000000000000000000, -0.000000000000000000 ) ) ;
#194 = ORIENTED_EDGE ( 'NONE', *, *, #577, .F. ) ;
#195 =( NAMED_UNIT ( * ) PLANE_ANGLE_UNIT ( ) SI_UNIT ( $, .RADIAN. ) );
#196 = EDGE_CURVE ( 'NONE', #192, #811, #1294, .T. ) ;
#197 = VERTEX_POINT ( 'NONE', #141 ) ;
#198 = DIRECTION ( 'NONE',  ( 0.000000000000000000, -1.000000000000000000, 0.000000000000000000 ) ) ;
#199 = CIRCLE ( 'NONE', #1314, 2.000000000000000000 ) ;
#200 = STYLED_ITEM ( 'NONE', ( #615 ), #925 ) ;
#201 = MECHANICAL_DESIGN_GEOMETRIC_PRESENTATION_REPRESENTATION (  '', ( #16 ), #150 ) ;
#202 = COLOUR_RGB ( '',1.000000000000000000, 0.7254901960784313486, 0.5607843137254902022 ) ;
#203 = DIRECTION ( 'NONE',  ( 0.000000000000000000, 0.000000000000000000, 1.000000000000000000 ) ) ;
#204 = UNCERTAINTY_MEASURE_WITH_UNIT (LENGTH_MEASURE( 1.000000000000000082E-05 ), #1083, 'distance_accuracy_value', 'NONE');
#205 = AXIS2_PLACEMENT_3D ( 'NONE', #475, #367, #1021 ) ;
#206 = CARTESIAN_POINT ( 'NONE',  ( -8.949999999999999289, 0.000000000000000000, 2.850000000000000089 ) ) ;
#207 =( LENGTH_UNIT ( ) NAMED_UNIT ( * ) SI_UNIT ( .MILLI., .METRE. ) );
#208 = MECHANICAL_DESIGN_GEOMETRIC_PRESENTATION_REPRESENTATION (  '', ( #737 ), #549 ) ;
#209 = ORIENTED_EDGE ( 'NONE', *, *, #1210, .F. ) ;
#210 = SURFACE_STYLE_FILL_AREA ( #849 ) ;
#211 = EDGE_CURVE ( 'NONE', #929, #1332, #1202, .T. ) ;
#212 = SURFACE_SIDE_STYLE ('',( #1426 ) ) ;
#213 = DIRECTION ( 'NONE',  ( 0.000000000000000000, 0.000000000000000000, 1.000000000000000000 ) ) ;
#214 = ORIENTED_EDGE ( 'NONE', *, *, #1044, .T. ) ;
#215 = UNCERTAINTY_MEASURE_WITH_UNIT (LENGTH_MEASURE( 1.000000000000000082E-05 ), #639, 'distance_accuracy_value', 'NONE');
#216 =( NAMED_UNIT ( * ) SI_UNIT ( $, .STERADIAN. ) SOLID_ANGLE_UNIT ( ) );
#217 = AXIS2_PLACEMENT_3D ( 'NONE', #1397, #373, #468 ) ;
#218 = SURFACE_STYLE_USAGE ( .BOTH. , #1097 ) ;
#219 =( GEOMETRIC_REPRESENTATION_CONTEXT ( 3 ) GLOBAL_UNCERTAINTY_ASSIGNED_CONTEXT ( ( #526 ) ) GLOBAL_UNIT_ASSIGNED_CONTEXT ( ( #1120, #1371, #435 ) ) REPRESENTATION_CONTEXT ( 'NONE', 'WORKASPACE' ) );
#220 = EDGE_CURVE ( 'NONE', #646, #383, #732, .T. ) ;
#221 = AXIS2_PLACEMENT_3D ( 'NONE', #868, #857, #320 ) ;
#222 = VERTEX_POINT ( 'NONE', #696 ) ;
#223 = STYLED_ITEM ( 'NONE', ( #994 ), #841 ) ;
#224 = EDGE_CURVE ( 'NONE', #388, #929, #848, .T. ) ;
#225 = DIRECTION ( 'NONE',  ( -1.000000000000000000, -0.000000000000000000, -0.000000000000000000 ) ) ;
#226 = PRESENTATION_LAYER_ASSIGNMENT (  '', '', ( #830 ) ) ;
#227 = FILL_AREA_STYLE ('',( #1207 ) ) ;
#228 = CARTESIAN_POINT ( 'NONE',  ( 8.949999999999992184, 0.000000000000000000, 2.500000000000000444 ) ) ;
#229 = ORIENTED_EDGE ( 'NONE', *, *, #1210, .T. ) ;
#230 = AXIS2_PLACEMENT_3D ( 'NONE', #580, #469, #665 ) ;
#231 = CARTESIAN_POINT ( 'NONE',  ( -9.749999999999998224, 0.000000000000000000, 1.700000000000000178 ) ) ;
#232 = FILL_AREA_STYLE ('',( #1031 ) ) ;
#233 = EDGE_CURVE ( 'NONE', #222, #752, #1237, .T. ) ;
#234 = FILL_AREA_STYLE ('',( #527 ) ) ;
#235 = FACE_OUTER_BOUND ( 'NONE', #101, .T. ) ;
#236 = STYLED_ITEM ( 'NONE', ( #912 ), #1161 ) ;
#237 = EDGE_LOOP ( 'NONE', ( #765, #161, #1309, #736 ) ) ;
#238 = PRESENTATION_LAYER_ASSIGNMENT (  '', '', ( #967 ) ) ;
#239 =( GEOMETRIC_REPRESENTATION_CONTEXT ( 3 ) GLOBAL_UNCERTAINTY_ASSIGNED_CONTEXT ( ( #323 ) ) GLOBAL_UNIT_ASSIGNED_CONTEXT ( ( #877, #127, #886 ) ) REPRESENTATION_CONTEXT ( 'NONE', 'WORKASPACE' ) );
#240 = DIRECTION ( 'NONE',  ( 0.000000000000000000, 0.000000000000000000, -1.000000000000000000 ) ) ;
#241 = SURFACE_STYLE_USAGE ( .BOTH. , #427 ) ;
#242 = DIRECTION ( 'NONE',  ( 0.000000000000000000, 0.000000000000000000, -1.000000000000000000 ) ) ;
#243 = ORIENTED_EDGE ( 'NONE', *, *, #1003, .T. ) ;
#244 = EDGE_LOOP ( 'NONE', ( #70, #671, #524, #194 ) ) ;
#245 =( LENGTH_UNIT ( ) NAMED_UNIT ( * ) SI_UNIT ( .MILLI., .METRE. ) );
#246 = FACE_OUTER_BOUND ( 'NONE', #24, .T. ) ;
#247 = CIRCLE ( 'NONE', #1414, 1.000000000000000000 ) ;
#248 = EDGE_LOOP ( 'NONE', ( #411, #931, #901, #872 ) ) ;
#249 =( NAMED_UNIT ( * ) PLANE_ANGLE_UNIT ( ) SI_UNIT ( $, .RADIAN. ) );
#250 = DIRECTION ( 'NONE',  ( 0.000000000000000000, 0.000000000000000000, -1.000000000000000000 ) ) ;
#251 = SURFACE_STYLE_USAGE ( .BOTH. , #343 ) ;
#252 = EDGE_CURVE ( 'NONE', #1128, #837, #541, .T. ) ;
#253 = UNCERTAINTY_MEASURE_WITH_UNIT (LENGTH_MEASURE( 1.000000000000000082E-05 ), #576, 'distance_accuracy_value', 'NONE');
#254 = FILL_AREA_STYLE_COLOUR ( '', #1121 ) ;
#255 = FACE_OUTER_BOUND ( 'NONE', #1220, .T. ) ;
#256 = DIRECTION ( 'NONE',  ( -0.000000000000000000, -1.000000000000000000, -0.000000000000000000 ) ) ;
#257 = DIRECTION ( 'NONE',  ( 0.000000000000000000, 0.000000000000000000, 1.000000000000000000 ) ) ;
#258 = DIRECTION ( 'NONE',  ( -1.000000000000000000, -0.000000000000000000, -0.000000000000000000 ) ) ;
#259 = CIRCLE ( 'NONE', #377, 0.3499999999999996447 ) ;
#260 = SURFACE_STYLE_FILL_AREA ( #171 ) ;
#261 = FILL_AREA_STYLE ('',( #254 ) ) ;
#262 = MECHANICAL_DESIGN_GEOMETRIC_PRESENTATION_REPRESENTATION (  '', ( #476 ), #1123 ) ;
#263 = AXIS2_PLACEMENT_3D ( 'NONE', #138, #694, #681 ) ;
#264 = TOROIDAL_SURFACE ( 'NONE', #1180, 0.8000000000000003775, 0.3499999999999996447 ) ;
#265 = CARTESIAN_POINT ( 'NONE',  ( 4.230484486679745970, 3.888253587292846081E-16, -0.6749999999999993783 ) ) ;
#266 = TOROIDAL_SURFACE ( 'NONE', #61, 1.249999999999999778, 1.000000000000000000 ) ;
#267 = SURFACE_STYLE_FILL_AREA ( #663 ) ;
#268 = DIRECTION ( 'NONE',  ( -1.000000000000000000, -0.000000000000000000, -0.000000000000000000 ) ) ;
#269 = DIRECTION ( 'NONE',  ( 1.000000000000000000, 0.000000000000000000, 0.000000000000000000 ) ) ;
#270 = DIRECTION ( 'NONE',  ( 1.000000000000000000, 0.000000000000000000, 0.000000000000000000 ) ) ;
#271 = AXIS2_PLACEMENT_3D ( 'NONE', #820, #697, #1145 ) ;
#272 = PRESENTATION_LAYER_ASSIGNMENT (  '', '', ( #423 ) ) ;
#273 = EDGE_CURVE ( 'NONE', #1321, #192, #822, .T. ) ;
#274 = VERTEX_POINT ( 'NONE', #783 ) ;
#275 = PRESENTATION_STYLE_ASSIGNMENT (( #1115 ) ) ;
#276 = FILL_AREA_STYLE ('',( #54 ) ) ;
#277 = SHAPE_DEFINITION_REPRESENTATION ( #924, #1106 ) ;
#278 = DIRECTION ( 'NONE',  ( 0.000000000000000000, 0.000000000000000000, -1.000000000000000000 ) ) ;
#279 = FILL_AREA_STYLE ('',( #1235 ) ) ;
#280 = CARTESIAN_POINT ( 'NONE',  ( 8.949999999999999289, 0.000000000000000000, 2.849999999999999201 ) ) ;
#281 = DIRECTION ( 'NONE',  ( 0.000000000000000000, 0.000000000000000000, 1.000000000000000000 ) ) ;
#282 = FACE_OUTER_BOUND ( 'NONE', #860, .T. ) ;
#283 = EDGE_CURVE ( 'NONE', #1085, #318, #103, .T. ) ;
#284 = ORIENTED_EDGE ( 'NONE', *, *, #742, .F. ) ;
#285 = MECHANICAL_DESIGN_GEOMETRIC_PRESENTATION_REPRESENTATION (  '', ( #763 ), #1284 ) ;
#286 = FACE_OUTER_BOUND ( 'NONE', #812, .T. ) ;
#287 = FILL_AREA_STYLE ('',( #695 ) ) ;
#288 = SURFACE_STYLE_USAGE ( .BOTH. , #34 ) ;
#289 = DIRECTION ( 'NONE',  ( 0.000000000000000000, 0.000000000000000000, 1.000000000000000000 ) ) ;
#290 = DIRECTION ( 'NONE',  ( 0.000000000000000000, 0.000000000000000000, -1.000000000000000000 ) ) ;
#291 = EDGE_LOOP ( 'NONE', ( #1092, #462 ) ) ;
#292 = DIRECTION ( 'NONE',  ( 1.000000000000000000, 0.000000000000000000, 0.000000000000000000 ) ) ;
#293 = AXIS2_PLACEMENT_3D ( 'NONE', #878, #337, #756 ) ;
#294 = CARTESIAN_POINT ( 'NONE',  ( 7.750000000000000000, 0.000000000000000000, 2.500000000000000444 ) ) ;
#295 = DIRECTION ( 'NONE',  ( -1.000000000000000000, -0.000000000000000000, -0.000000000000000000 ) ) ;
#296 = FILL_AREA_STYLE_COLOUR ( '', #1132 ) ;
#297 = SURFACE_SIDE_STYLE ('',( #66 ) ) ;
#298 = VERTEX_POINT ( 'NONE', #1118 ) ;
#299 = DIRECTION ( 'NONE',  ( -1.000000000000000000, 0.000000000000000000, 0.000000000000000000 ) ) ;
#300 = FACE_OUTER_BOUND ( 'NONE', #504, .T. ) ;
#301 = STYLED_ITEM ( 'NONE', ( #1398 ), #1289 ) ;
#302 = EDGE_LOOP ( 'NONE', ( #15, #502, #1428, #168 ) ) ;
#303 = ADVANCED_FACE ( 'NONE', ( #560 ), #266, .T. ) ;
#304 = STYLED_ITEM ( 'NONE', ( #447 ), #507 ) ;
#305 = PRESENTATION_STYLE_ASSIGNMENT (( #592 ) ) ;
#306 = VERTEX_POINT ( 'NONE', #993 ) ;
#307 = SURFACE_STYLE_USAGE ( .BOTH. , #1310 ) ;
#308 = VERTEX_POINT ( 'NONE', #444 ) ;
#309 = AXIS2_PLACEMENT_3D ( 'NONE', #189, #1, #405 ) ;
#310 = AXIS2_PLACEMENT_3D ( 'NONE', #1038, #719, #1401 ) ;
#311 = ORIENTED_EDGE ( 'NONE', *, *, #1358, .F. ) ;
#312 = ADVANCED_FACE ( 'NONE', ( #679, #152 ), #1215, .F. ) ;
#313 =( GEOMETRIC_REPRESENTATION_CONTEXT ( 3 ) GLOBAL_UNCERTAINTY_ASSIGNED_CONTEXT ( ( #1238 ) ) GLOBAL_UNIT_ASSIGNED_CONTEXT ( ( #648, #124, #1088 ) ) REPRESENTATION_CONTEXT ( 'NONE', 'WORKASPACE' ) );
#314 = APPLICATION_CONTEXT ( 'automotive_design' ) ;
#315 = CARTESIAN_POINT ( 'NONE',  ( -7.250000000000000000, 0.000000000000000000, 2.500000000000000444 ) ) ;
#316 = ORIENTED_EDGE ( 'NONE', *, *, #4, .F. ) ;
#317 = PRESENTATION_STYLE_ASSIGNMENT (( #677 ) ) ;
#318 = VERTEX_POINT ( 'NONE', #726 ) ;
#319 = EDGE_CURVE ( 'NONE', #885, #908, #26, .T. ) ;
#320 = DIRECTION ( 'NONE',  ( 0.000000000000000000, 0.000000000000000000, 1.000000000000000000 ) ) ;
#321 = ADVANCED_FACE ( 'NONE', ( #235 ), #17, .F. ) ;
#322 = EDGE_LOOP ( 'NONE', ( #800, #989 ) ) ;
#323 = UNCERTAINTY_MEASURE_WITH_UNIT (LENGTH_MEASURE( 1.000000000000000082E-05 ), #877, 'distance_accuracy_value', 'NONE');
#324 = STYLED_ITEM ( 'NONE', ( #1364 ), #654 ) ;
#325 = ORIENTED_EDGE ( 'NONE', *, *, #577, .T. ) ;
#326 = CIRCLE ( 'NONE', #177, 0.3499999999999996447 ) ;
#327 = FACE_OUTER_BOUND ( 'NONE', #465, .T. ) ;
#328 = DIRECTION ( 'NONE',  ( 0.000000000000000000, -1.224646799147353207E-16, 1.000000000000000000 ) ) ;
#329 = CYLINDRICAL_SURFACE ( 'NONE', #221, 0.3499999999999996447 ) ;
#330 = COLOUR_RGB ( '',1.000000000000000000, 0.7254901960784313486, 0.5607843137254902022 ) ;
#331 = VECTOR ( 'NONE', #943, 1000.000000000000000 ) ;
#332 = ADVANCED_FACE ( 'NONE', ( #914 ), #422, .F. ) ;
#333 = ORIENTED_EDGE ( 'NONE', *, *, #220, .T. ) ;
#334 = PRESENTATION_LAYER_ASSIGNMENT (  '', '', ( #1062 ) ) ;
#335 =( LENGTH_UNIT ( ) NAMED_UNIT ( * ) SI_UNIT ( .MILLI., .METRE. ) );
#336 = MECHANICAL_DESIGN_GEOMETRIC_PRESENTATION_REPRESENTATION (  '', ( #579 ), #1374 ) ;
#337 = DIRECTION ( 'NONE',  ( -1.000000000000000000, -0.000000000000000000, -0.000000000000000000 ) ) ;
#338 =( LENGTH_UNIT ( ) NAMED_UNIT ( * ) SI_UNIT ( .MILLI., .METRE. ) );
#339 = ORIENTED_EDGE ( 'NONE', *, *, #147, .T. ) ;
#340 = CIRCLE ( 'NONE', #1400, 2.283333333333333215 ) ;
#341 = DIRECTION ( 'NONE',  ( -1.000000000000000000, -0.000000000000000000, -0.000000000000000000 ) ) ;
#342 = DIRECTION ( 'NONE',  ( -1.000000000000000000, -0.000000000000000000, -0.000000000000000000 ) ) ;
#343 = SURFACE_SIDE_STYLE ('',( #113 ) ) ;
#344 = AXIS2_PLACEMENT_3D ( 'NONE', #722, #844, #1043 ) ;
#345 = UNCERTAINTY_MEASURE_WITH_UNIT (LENGTH_MEASURE( 1.000000000000000082E-05 ), #1011, 'distance_accuracy_value', 'NONE');
#346 = CIRCLE ( 'NONE', #439, 0.3499999999999996447 ) ;
#347 = ADVANCED_FACE ( 'NONE', ( #582 ), #1159, .T. ) ;
#348 = DIRECTION ( 'NONE',  ( 1.000000000000000000, 0.000000000000000000, 0.000000000000000000 ) ) ;
#349 = CARTESIAN_POINT ( 'NONE',  ( 8.949999999999999289, 4.286263797015731048E-17, 1.700000000000000178 ) ) ;
#350 =( LENGTH_UNIT ( ) NAMED_UNIT ( * ) SI_UNIT ( .MILLI., .METRE. ) );
#351 =( LENGTH_UNIT ( ) NAMED_UNIT ( * ) SI_UNIT ( .MILLI., .METRE. ) );
#352 = CARTESIAN_POINT ( 'NONE',  ( 7.249999999999999112, 0.000000000000000000, 2.500000000000000444 ) ) ;
#353 = CIRCLE ( 'NONE', #488, 1.999999999999999556 ) ;
#354 = DIRECTION ( 'NONE',  ( 0.000000000000000000, 0.000000000000000000, 1.000000000000000000 ) ) ;
#355 = LINE ( 'NONE', #787, #574 ) ;
#356 = FACE_OUTER_BOUND ( 'NONE', #248, .T. ) ;
#357 = EDGE_LOOP ( 'NONE', ( #1016, #1165 ) ) ;
#358 = DIRECTION ( 'NONE',  ( 0.000000000000000000, -1.224646799147353454E-16, 1.000000000000000000 ) ) ;
#359 = COLOUR_RGB ( '',1.000000000000000000, 0.7254901960784313486, 0.5607843137254902022 ) ;
#360 = STYLED_ITEM ( 'NONE', ( #1323 ), #717 ) ;
#361 = FILL_AREA_STYLE ('',( #692 ) ) ;
#362 = FILL_AREA_STYLE_COLOUR ( '', #1212 ) ;
#363 = DIRECTION ( 'NONE',  ( 0.000000000000000000, 0.000000000000000000, 1.000000000000000000 ) ) ;
#364 = CARTESIAN_POINT ( 'NONE',  ( 8.949999999999999289, 0.000000000000000000, 2.499999999999999556 ) ) ;
#365 = AXIS2_PLACEMENT_3D ( 'NONE', #653, #5, #419 ) ;
#366 = EDGE_CURVE ( 'NONE', #885, #274, #895, .T. ) ;
#367 = DIRECTION ( 'NONE',  ( -0.000000000000000000, -1.000000000000000000, 0.000000000000000000 ) ) ;
#368 = ORIENTED_EDGE ( 'NONE', *, *, #971, .T. ) ;
#369 = ORIENTED_EDGE ( 'NONE', *, *, #1072, .T. ) ;
#370 = CARTESIAN_POINT ( 'NONE',  ( -9.749999999999998224, 0.000000000000000000, 1.700000000000000178 ) ) ;
#371 = ORIENTED_EDGE ( 'NONE', *, *, #196, .F. ) ;
#372 = DIRECTION ( 'NONE',  ( 0.000000000000000000, 0.000000000000000000, -1.000000000000000000 ) ) ;
#373 = DIRECTION ( 'NONE',  ( -1.000000000000000000, -0.000000000000000000, -0.000000000000000000 ) ) ;
#374 =( LENGTH_UNIT ( ) NAMED_UNIT ( * ) SI_UNIT ( .MILLI., .METRE. ) );
#375 = CYLINDRICAL_SURFACE ( 'NONE', #451, 0.3499999999999996447 ) ;
#376 = CARTESIAN_POINT ( 'NONE',  ( 7.750000000000000000, 0.000000000000000000, 2.500000000000000444 ) ) ;
#377 = AXIS2_PLACEMENT_3D ( 'NONE', #231, #1336, #1346 ) ;
#378 =( GEOMETRIC_REPRESENTATION_CONTEXT ( 3 ) GLOBAL_UNCERTAINTY_ASSIGNED_CONTEXT ( ( #512 ) ) GLOBAL_UNIT_ASSIGNED_CONTEXT ( ( #1164, #1181, #386 ) ) REPRESENTATION_CONTEXT ( 'NONE', 'WORKASPACE' ) );
#379 = CARTESIAN_POINT ( 'NONE',  ( -5.588562172233852543, 6.123233995736761105E-17, 2.000000000000000888 ) ) ;
#380 = ADVANCED_FACE ( 'NONE', ( #611 ), #1171, .F. ) ;
#381 = PRESENTATION_LAYER_ASSIGNMENT (  '', '', ( #476 ) ) ;
#382 = STYLED_ITEM ( 'NONE', ( #144 ), #856 ) ;
#383 = VERTEX_POINT ( 'NONE', #1065 ) ;
#384 = COLOUR_RGB ( '',0.8509803921568627194, 0.8509803921568627194, 0.8509803921568627194 ) ;
#385 = FILL_AREA_STYLE_COLOUR ( '', #1103 ) ;
#386 =( NAMED_UNIT ( * ) SI_UNIT ( $, .STERADIAN. ) SOLID_ANGLE_UNIT ( ) );
#387 =( GEOMETRIC_REPRESENTATION_CONTEXT ( 3 ) GLOBAL_UNCERTAINTY_ASSIGNED_CONTEXT ( ( #142 ) ) GLOBAL_UNIT_ASSIGNED_CONTEXT ( ( #1020, #794, #672 ) ) REPRESENTATION_CONTEXT ( 'NONE', 'WORKASPACE' ) );
#388 = VERTEX_POINT ( 'NONE', #114 ) ;
#389 = CARTESIAN_POINT ( 'NONE',  ( 5.588562172233852543, 0.000000000000000000, 3.000000000000000000 ) ) ;
#390 = ORIENTED_EDGE ( 'NONE', *, *, #224, .F. ) ;
#391 = CARTESIAN_POINT ( 'NONE',  ( -5.588562172233852543, 0.000000000000000000, 2.500000000000000444 ) ) ;
#392 = DIRECTION ( 'NONE',  ( 0.000000000000000000, 0.000000000000000000, 1.000000000000000000 ) ) ;
#393 = CIRCLE ( 'NONE', #1219, 1.000000000000000000 ) ;
#394 = UNCERTAINTY_MEASURE_WITH_UNIT (LENGTH_MEASURE( 1.000000000000000082E-05 ), #1326, 'distance_accuracy_value', 'NONE');
#395 = EDGE_CURVE ( 'NONE', #811, #1410, #340, .T. ) ;
#396 = AXIS2_PLACEMENT_3D ( 'NONE', #1147, #603, #203 ) ;
#397 = CIRCLE ( 'NONE', #217, 1.249999999999999334 ) ;
#398 = PRESENTATION_LAYER_ASSIGNMENT (  '', '', ( #948 ) ) ;
#399 = DIRECTION ( 'NONE',  ( -1.000000000000000000, -0.000000000000000000, -0.000000000000000000 ) ) ;
#400 = EDGE_LOOP ( 'NONE', ( #791, #1139, #1339, #632 ) ) ;
#401 = ADVANCED_FACE ( 'NONE', ( #738 ), #960, .T. ) ;
#402 = UNCERTAINTY_MEASURE_WITH_UNIT (LENGTH_MEASURE( 1.000000000000000082E-05 ), #338, 'distance_accuracy_value', 'NONE');
#403 = DIRECTION ( 'NONE',  ( 0.000000000000000000, 0.000000000000000000, 1.000000000000000000 ) ) ;
#404 = AXIS2_PLACEMENT_3D ( 'NONE', #1342, #1094, #240 ) ;
#405 = DIRECTION ( 'NONE',  ( 0.000000000000000000, -1.224646799147353454E-16, 1.000000000000000000 ) ) ;
#406 = ORIENTED_EDGE ( 'NONE', *, *, #21, .F. ) ;
#407 = FACE_OUTER_BOUND ( 'NONE', #244, .T. ) ;
#408 = SURFACE_SIDE_STYLE ('',( #1193 ) ) ;
#409 = CARTESIAN_POINT ( 'NONE',  ( -9.400000000000002132, 4.286263797015731048E-17, -5.000000000000000000 ) ) ;
#410 = SURFACE_STYLE_USAGE ( .BOTH. , #850 ) ;
#411 = ORIENTED_EDGE ( 'NONE', *, *, #640, .F. ) ;
#412 = UNCERTAINTY_MEASURE_WITH_UNIT (LENGTH_MEASURE( 1.000000000000000082E-05 ), #1318, 'distance_accuracy_value', 'NONE');
#413 = CARTESIAN_POINT ( 'NONE',  ( -8.949999999999999289, 0.000000000000000000, 2.500000000000000444 ) ) ;
#414 = EDGE_CURVE ( 'NONE', #1224, #885, #840, .T. ) ;
#415 = PRESENTATION_LAYER_ASSIGNMENT (  '', '', ( #200 ) ) ;
#416 = CARTESIAN_POINT ( 'NONE',  ( 8.949999999999992184, 4.286263797015731048E-17, 2.150000000000000799 ) ) ;
#417 = VECTOR ( 'NONE', #1308, 1000.000000000000000 ) ;
#418 = AXIS2_PLACEMENT_3D ( 'NONE', #376, #37, #58 ) ;
#419 = DIRECTION ( 'NONE',  ( -1.000000000000000000, 0.000000000000000000, 0.000000000000000000 ) ) ;
#420 = COLOUR_RGB ( '',0.8509803921568627194, 0.8509803921568627194, 0.8509803921568627194 ) ;
#421 = FILL_AREA_STYLE ('',( #19 ) ) ;
#422 = TOROIDAL_SURFACE ( 'NONE', #505, 0.8499999999999996447, 0.4999999999999997780 ) ;
#423 = STYLED_ITEM ( 'NONE', ( #1248 ), #1106 ) ;
#424 = LINE ( 'NONE', #416, #792 ) ;
#425 = ORIENTED_EDGE ( 'NONE', *, *, #490, .T. ) ;
#426 = FILL_AREA_STYLE_COLOUR ( '', #45 ) ;
#427 = SURFACE_SIDE_STYLE ('',( #1107 ) ) ;
#428 = AXIS2_PLACEMENT_3D ( 'NONE', #608, #935, #1057 ) ;
#429 = CARTESIAN_POINT ( 'NONE',  ( 7.750000000000000000, 4.286263797015731048E-17, 2.150000000000000799 ) ) ;
#430 = CARTESIAN_POINT ( 'NONE',  ( -8.949999999999999289, 0.000000000000000000, 2.500000000000000444 ) ) ;
#431 = EDGE_CURVE ( 'NONE', #1085, #739, #647, .T. ) ;
#432 = ORIENTED_EDGE ( 'NONE', *, *, #1063, .F. ) ;
#433 = SURFACE_STYLE_USAGE ( .BOTH. , #1006 ) ;
#434 = SURFACE_STYLE_USAGE ( .BOTH. , #1231 ) ;
#435 =( NAMED_UNIT ( * ) SI_UNIT ( $, .STERADIAN. ) SOLID_ANGLE_UNIT ( ) );
#436 = DIRECTION ( 'NONE',  ( -1.000000000000000000, -0.000000000000000000, -0.000000000000000000 ) ) ;
#437 = MECHANICAL_DESIGN_GEOMETRIC_PRESENTATION_REPRESENTATION (  '', ( #614 ), #686 ) ;
#438 = FILL_AREA_STYLE ('',( #36 ) ) ;
#439 = AXIS2_PLACEMENT_3D ( 'NONE', #56, #1029, #257 ) ;
#440 = MECHANICAL_DESIGN_GEOMETRIC_PRESENTATION_REPRESENTATION (  '', ( #896 ), #86 ) ;
#441 = COLOUR_RGB ( '',1.000000000000000000, 0.7254901960784313486, 0.5607843137254902022 ) ;
#442 = EDGE_CURVE ( 'NONE', #645, #1332, #974, .T. ) ;
#443 = ORIENTED_EDGE ( 'NONE', *, *, #395, .F. ) ;
#444 = CARTESIAN_POINT ( 'NONE',  ( -10.10000000000000142, 0.000000000000000000, -5.000000000000000000 ) ) ;
#445 = SURFACE_STYLE_USAGE ( .BOTH. , #1233 ) ;
#446 = EDGE_CURVE ( 'NONE', #318, #1067, #1022, .T. ) ;
#447 = PRESENTATION_STYLE_ASSIGNMENT (( #555 ) ) ;
#448 =( NAMED_UNIT ( * ) PLANE_ANGLE_UNIT ( ) SI_UNIT ( $, .RADIAN. ) );
#449 = MECHANICAL_DESIGN_GEOMETRIC_PRESENTATION_REPRESENTATION (  '', ( #301 ), #128 ) ;
#450 =( NAMED_UNIT ( * ) SI_UNIT ( $, .STERADIAN. ) SOLID_ANGLE_UNIT ( ) );
#451 = AXIS2_PLACEMENT_3D ( 'NONE', #1378, #1292, #718 ) ;
#452 = CARTESIAN_POINT ( 'NONE',  ( -6.249999999999999112, 0.000000000000000000, 2.500000000000000444 ) ) ;
#453 = ORIENTED_EDGE ( 'NONE', *, *, #442, .F. ) ;
#454 = CARTESIAN_POINT ( 'NONE',  ( 8.949999999999992184, 4.286263797015731048E-17, 2.150000000000000799 ) ) ;
#455 =( LENGTH_UNIT ( ) NAMED_UNIT ( * ) SI_UNIT ( .MILLI., .METRE. ) );
#456 =( NAMED_UNIT ( * ) PLANE_ANGLE_UNIT ( ) SI_UNIT ( $, .RADIAN. ) );
#457 = COLOUR_RGB ( '',1.000000000000000000, 0.7254901960784313486, 0.5607843137254902022 ) ;
#458 = DIRECTION ( 'NONE',  ( -1.000000000000000000, -0.000000000000000000, -0.000000000000000000 ) ) ;
#459 = DIRECTION ( 'NONE',  ( -0.000000000000000000, 1.000000000000000000, 1.224646799147353207E-16 ) ) ;
#460 = DIRECTION ( 'NONE',  ( -1.000000000000000000, -0.000000000000000000, -0.000000000000000000 ) ) ;
#461 =( NAMED_UNIT ( * ) PLANE_ANGLE_UNIT ( ) SI_UNIT ( $, .RADIAN. ) );
#462 = ORIENTED_EDGE ( 'NONE', *, *, #1365, .T. ) ;
#463 =( NAMED_UNIT ( * ) PLANE_ANGLE_UNIT ( ) SI_UNIT ( $, .RADIAN. ) );
#464 = SURFACE_STYLE_FILL_AREA ( #261 ) ;
#465 = EDGE_LOOP ( 'NONE', ( #1369, #333, #1148, #1140 ) ) ;
#466 = SURFACE_STYLE_FILL_AREA ( #276 ) ;
#467 = SURFACE_STYLE_FILL_AREA ( #910 ) ;
#468 = DIRECTION ( 'NONE',  ( 0.000000000000000000, 0.000000000000000000, 1.000000000000000000 ) ) ;
#469 = DIRECTION ( 'NONE',  ( 0.000000000000000000, -1.000000000000000000, 0.000000000000000000 ) ) ;
#470 = CARTESIAN_POINT ( 'NONE',  ( 9.749999999999998224, 0.000000000000000000, 1.700000000000000178 ) ) ;
#471 = ADVANCED_FACE ( 'NONE', ( #356 ), #882, .F. ) ;
#472 = PRESENTATION_LAYER_ASSIGNMENT (  '', '', ( #1004 ) ) ;
#473 = FACE_OUTER_BOUND ( 'NONE', #400, .T. ) ;
#474 =( LENGTH_UNIT ( ) NAMED_UNIT ( * ) SI_UNIT ( .MILLI., .METRE. ) );
#475 = CARTESIAN_POINT ( 'NONE',  ( 8.949999999999999289, 0.000000000000000000, 1.700000000000000178 ) ) ;
#476 = STYLED_ITEM ( 'NONE', ( #1130 ), #303 ) ;
#477 = AXIS2_PLACEMENT_3D ( 'NONE', #349, #32, #250 ) ;
#478 = CARTESIAN_POINT ( 'NONE',  ( -6.249999999999999112, 0.000000000000000000, 3.750000000000000444 ) ) ;
#479 = COLOUR_RGB ( '',0.8509803921568627194, 0.8509803921568627194, 0.8509803921568627194 ) ;
#480 = ORIENTED_EDGE ( 'NONE', *, *, #1423, .T. ) ;
#481 = SURFACE_SIDE_STYLE ('',( #1303 ) ) ;
#482 = ORIENTED_EDGE ( 'NONE', *, *, #814, .T. ) ;
#483 = ORIENTED_EDGE ( 'NONE', *, *, #1403, .F. ) ;
#484 = DIRECTION ( 'NONE',  ( 0.000000000000000000, 0.000000000000000000, 1.000000000000000000 ) ) ;
#485 = FILL_AREA_STYLE ('',( #1283 ) ) ;
#486 = FILL_AREA_STYLE ('',( #1087 ) ) ;
#487 = DIRECTION ( 'NONE',  ( 0.000000000000000000, -1.000000000000000000, 0.000000000000000000 ) ) ;
#488 = AXIS2_PLACEMENT_3D ( 'NONE', #389, #198, #617 ) ;
#489 = DIRECTION ( 'NONE',  ( -1.000000000000000000, -0.000000000000000000, -0.000000000000000000 ) ) ;
#490 = EDGE_CURVE ( 'NONE', #959, #964, #1167, .T. ) ;
#491 = DIRECTION ( 'NONE',  ( -1.000000000000000000, 0.000000000000000000, -0.000000000000000000 ) ) ;
#492 = FILL_AREA_STYLE ('',( #78 ) ) ;
#493 = FILL_AREA_STYLE_COLOUR ( '', #838 ) ;
#494 = CARTESIAN_POINT ( 'NONE',  ( 7.249999999999999112, 0.000000000000000000, 1.250000000000000888 ) ) ;
#495 = VECTOR ( 'NONE', #999, 1000.000000000000000 ) ;
#496 = PRODUCT ( '零件8', '零件8', '', ( #775 ) ) ;
#497 =( GEOMETRIC_REPRESENTATION_CONTEXT ( 3 ) GLOBAL_UNCERTAINTY_ASSIGNED_CONTEXT ( ( #1177 ) ) GLOBAL_UNIT_ASSIGNED_CONTEXT ( ( #656, #755, #1206 ) ) REPRESENTATION_CONTEXT ( 'NONE', 'WORKASPACE' ) );
#498 = TOROIDAL_SURFACE ( 'NONE', #87, 1.249999999999999778, 1.000000000000000000 ) ;
#499 = MECHANICAL_DESIGN_GEOMETRIC_PRESENTATION_REPRESENTATION (  '', ( #223 ), #750 ) ;
#500 = SURFACE_SIDE_STYLE ('',( #83 ) ) ;
#501 = UNCERTAINTY_MEASURE_WITH_UNIT (LENGTH_MEASURE( 1.000000000000000082E-05 ), #858, 'distance_accuracy_value', 'NONE');
#502 = ORIENTED_EDGE ( 'NONE', *, *, #899, .T. ) ;
#503 = FACE_OUTER_BOUND ( 'NONE', #1026, .T. ) ;
#504 = EDGE_LOOP ( 'NONE', ( #1240, #545, #209, #1288 ) ) ;
#505 = AXIS2_PLACEMENT_3D ( 'NONE', #557, #1387, #165 ) ;
#506 = PRESENTATION_STYLE_ASSIGNMENT (( #1415 ) ) ;
#507 = ADVANCED_FACE ( 'NONE', ( #911 ), #1039, .T. ) ;
#508 =( GEOMETRIC_REPRESENTATION_CONTEXT ( 3 ) GLOBAL_UNCERTAINTY_ASSIGNED_CONTEXT ( ( #394 ) ) GLOBAL_UNIT_ASSIGNED_CONTEXT ( ( #1326, #1300, #1205 ) ) REPRESENTATION_CONTEXT ( 'NONE', 'WORKASPACE' ) );
#509 = DIRECTION ( 'NONE',  ( -2.589139516383294311E-16, 0.000000000000000000, 1.000000000000000000 ) ) ;
#510 = EDGE_LOOP ( 'NONE', ( #1322, #29, #1418, #453 ) ) ;
#511 = AXIS2_PLACEMENT_3D ( 'NONE', #129, #1045, #517 ) ;
#512 = UNCERTAINTY_MEASURE_WITH_UNIT (LENGTH_MEASURE( 1.000000000000000082E-05 ), #1164, 'distance_accuracy_value', 'NONE');
#513 = EDGE_CURVE ( 'NONE', #975, #1410, #393, .T. ) ;
#514 = CARTESIAN_POINT ( 'NONE',  ( 4.683177048531114828, 0.000000000000000000, 2.500000000000000444 ) ) ;
#515 = ORIENTED_EDGE ( 'NONE', *, *, #1358, .T. ) ;
#516 = CIRCLE ( 'NONE', #866, 0.3499999999999996447 ) ;
#517 = DIRECTION ( 'NONE',  ( 0.000000000000000000, 0.000000000000000000, 1.000000000000000000 ) ) ;
#518 = FACE_OUTER_BOUND ( 'NONE', #302, .T. ) ;
#519 = TOROIDAL_SURFACE ( 'NONE', #798, 0.7999999999999994893, 0.3499999999999996447 ) ;
#520 = MECHANICAL_DESIGN_GEOMETRIC_PRESENTATION_REPRESENTATION (  '', ( #382 ), #219 ) ;
#521 = DIRECTION ( 'NONE',  ( -1.000000000000000000, -0.000000000000000000, -0.000000000000000000 ) ) ;
#522 = FILL_AREA_STYLE_COLOUR ( '', #888 ) ;
#523 = VERTEX_POINT ( 'NONE', #816 ) ;
#524 = ORIENTED_EDGE ( 'NONE', *, *, #28, .F. ) ;
#525 = DIRECTION ( 'NONE',  ( 0.000000000000000000, 0.000000000000000000, 1.000000000000000000 ) ) ;
#526 = UNCERTAINTY_MEASURE_WITH_UNIT (LENGTH_MEASURE( 1.000000000000000082E-05 ), #1120, 'distance_accuracy_value', 'NONE');
#527 = FILL_AREA_STYLE_COLOUR ( '', #936 ) ;
#528 = AXIS2_PLACEMENT_3D ( 'NONE', #536, #295, #829 ) ;
#529 = VERTEX_POINT ( 'NONE', #597 ) ;
#530 = AXIS2_PLACEMENT_3D ( 'NONE', #352, #1234, #682 ) ;
#531 = EDGE_CURVE ( 'NONE', #306, #197, #6, .T. ) ;
#532 = DIRECTION ( 'NONE',  ( 0.000000000000000000, 0.000000000000000000, 1.000000000000000000 ) ) ;
#533 = CARTESIAN_POINT ( 'NONE',  ( 10.09999999999999964, 0.000000000000000000, -5.000000000000000000 ) ) ;
#534 = FILL_AREA_STYLE_COLOUR ( '', #202 ) ;
#535 = VERTEX_POINT ( 'NONE', #1402 ) ;
#536 = CARTESIAN_POINT ( 'NONE',  ( 4.230484486679745082, 0.000000000000000000, 2.500000000000000444 ) ) ;
#537 = PRESENTATION_LAYER_ASSIGNMENT (  '', '', ( #146 ) ) ;
#538 = DIRECTION ( 'NONE',  ( -1.000000000000000000, 0.000000000000000000, 2.589139516383294311E-16 ) ) ;
#539 = FILL_AREA_STYLE_COLOUR ( '', #441 ) ;
#540 = SURFACE_SIDE_STYLE ('',( #119 ) ) ;
#541 = CIRCLE ( 'NONE', #175, 0.3499999999999996447 ) ;
#542 = AXIS2_PLACEMENT_3D ( 'NONE', #413, #538, #1329 ) ;
#543 = AXIS2_PLACEMENT_3D ( 'NONE', #700, #460, #1135 ) ;
#544 = ORIENTED_EDGE ( 'NONE', *, *, #91, .T. ) ;
#545 = ORIENTED_EDGE ( 'NONE', *, *, #233, .T. ) ;
#546 =( NAMED_UNIT ( * ) PLANE_ANGLE_UNIT ( ) SI_UNIT ( $, .RADIAN. ) );
#547 = MECHANICAL_DESIGN_GEOMETRIC_PRESENTATION_REPRESENTATION (  '', ( #873 ), #1392 ) ;
#548 = SURFACE_SIDE_STYLE ('',( #1101 ) ) ;
#549 =( GEOMETRIC_REPRESENTATION_CONTEXT ( 3 ) GLOBAL_UNCERTAINTY_ASSIGNED_CONTEXT ( ( #345 ) ) GLOBAL_UNIT_ASSIGNED_CONTEXT ( ( #1011, #1399, #450 ) ) REPRESENTATION_CONTEXT ( 'NONE', 'WORKASPACE' ) );
#550 = EDGE_CURVE ( 'NONE', #1327, #388, #52, .T. ) ;
#551 = ORIENTED_EDGE ( 'NONE', *, *, #252, .T. ) ;
#552 = SURFACE_STYLE_USAGE ( .BOTH. , #30 ) ;
#553 = SURFACE_STYLE_USAGE ( .BOTH. , #135 ) ;
#554 = DIRECTION ( 'NONE',  ( -1.000000000000000000, 0.000000000000000000, 0.000000000000000000 ) ) ;
#555 = SURFACE_STYLE_USAGE ( .BOTH. , #139 ) ;
#556 = CARTESIAN_POINT ( 'NONE',  ( 6.911437827766146569, 0.000000000000000000, 2.500000000000000444 ) ) ;
#557 = CARTESIAN_POINT ( 'NONE',  ( 7.750000000000000000, 0.000000000000000000, 2.500000000000000444 ) ) ;
#558 = EDGE_CURVE ( 'NONE', #975, #197, #825, .T. ) ;
#559 =( NAMED_UNIT ( * ) SI_UNIT ( $, .STERADIAN. ) SOLID_ANGLE_UNIT ( ) );
#560 = FACE_OUTER_BOUND ( 'NONE', #115, .T. ) ;
#561 = APPLICATION_PROTOCOL_DEFINITION ( 'draft international standard', 'automotive_design', 1998, #808 ) ;
#562 =( NAMED_UNIT ( * ) SI_UNIT ( $, .STERADIAN. ) SOLID_ANGLE_UNIT ( ) );
#563 =( GEOMETRIC_REPRESENTATION_CONTEXT ( 3 ) GLOBAL_UNCERTAINTY_ASSIGNED_CONTEXT ( ( #1188 ) ) GLOBAL_UNIT_ASSIGNED_CONTEXT ( ( #350, #448, #894 ) ) REPRESENTATION_CONTEXT ( 'NONE', 'WORKASPACE' ) );
#564 = TOROIDAL_SURFACE ( 'NONE', #38, 0.4999999999999995559, 1.999999999999999556 ) ;
#565 = UNCERTAINTY_MEASURE_WITH_UNIT (LENGTH_MEASURE( 1.000000000000000082E-05 ), #207, 'distance_accuracy_value', 'NONE');
#566 = CIRCLE ( 'NONE', #1406, 1.999999999999999556 ) ;
#567 = AXIS2_PLACEMENT_3D ( 'NONE', #470, #922, #270 ) ;
#568 = CARTESIAN_POINT ( 'NONE',  ( 0.000000000000000000, 0.000000000000000000, 0.000000000000000000 ) ) ;
#569 = FILL_AREA_STYLE_COLOUR ( '', #1196 ) ;
#570 = DIRECTION ( 'NONE',  ( -0.000000000000000000, 1.000000000000000000, 1.224646799147353207E-16 ) ) ;
#571 = SURFACE_STYLE_USAGE ( .BOTH. , #154 ) ;
#572 = CARTESIAN_POINT ( 'NONE',  ( 6.911437827766146569, 2.622785228173914442E-16, 0.5000000000000004441 ) ) ;
#573 = PRESENTATION_STYLE_ASSIGNMENT (( #593 ) ) ;
#574 = VECTOR ( 'NONE', #1142, 1000.000000000000000 ) ;
#575 = PRESENTATION_STYLE_ASSIGNMENT (( #937 ) ) ;
#576 =( LENGTH_UNIT ( ) NAMED_UNIT ( * ) SI_UNIT ( .MILLI., .METRE. ) );
#577 = EDGE_CURVE ( 'NONE', #1321, #1410, #353, .T. ) ;
#578 = CARTESIAN_POINT ( 'NONE',  ( -7.249999999999999112, 1.990051048614448623E-16, 1.250000000000000888 ) ) ;
#579 = STYLED_ITEM ( 'NONE', ( #898 ), #471 ) ;
#580 = CARTESIAN_POINT ( 'NONE',  ( 7.750000000000000000, 0.000000000000000000, 3.350000000000000089 ) ) ;
#581 = DIRECTION ( 'NONE',  ( -2.589139516383294311E-16, -0.000000000000000000, -1.000000000000000000 ) ) ;
#582 = FACE_OUTER_BOUND ( 'NONE', #174, .T. ) ;
#583 =( NAMED_UNIT ( * ) SI_UNIT ( $, .STERADIAN. ) SOLID_ANGLE_UNIT ( ) );
#584 = ORIENTED_EDGE ( 'NONE', *, *, #758, .T. ) ;
#585 = CARTESIAN_POINT ( 'NONE',  ( 7.249999999999999112, 0.000000000000000000, 2.500000000000000444 ) ) ;
#586 = COLOUR_RGB ( '',0.8509803921568627194, 0.8509803921568627194, 0.8509803921568627194 ) ;
#587 = ORIENTED_EDGE ( 'NONE', *, *, #1137, .T. ) ;
#588 = PRESENTATION_LAYER_ASSIGNMENT (  '', '', ( #324 ) ) ;
#589 = MECHANICAL_DESIGN_GEOMETRIC_PRESENTATION_REPRESENTATION (  '', ( #948 ), #733 ) ;
#590 = ORIENTED_EDGE ( 'NONE', *, *, #1423, .F. ) ;
#591 = ORIENTED_EDGE ( 'NONE', *, *, #31, .T. ) ;
#592 = SURFACE_STYLE_USAGE ( .BOTH. , #212 ) ;
#593 = SURFACE_STYLE_USAGE ( .BOTH. , #164 ) ;
#594 = ADVANCED_FACE ( 'NONE', ( #407 ), #1064, .T. ) ;
#595 = AXIS2_PLACEMENT_3D ( 'NONE', #766, #874, #25 ) ;
#596 = EDGE_LOOP ( 'NONE', ( #229, #105 ) ) ;
#597 = CARTESIAN_POINT ( 'NONE',  ( -8.949999999999999289, 4.286263797015731048E-17, 2.150000000000000799 ) ) ;
#598 = DIRECTION ( 'NONE',  ( 0.000000000000000000, 0.000000000000000000, -1.000000000000000000 ) ) ;
#599 =( LENGTH_UNIT ( ) NAMED_UNIT ( * ) SI_UNIT ( .MILLI., .METRE. ) );
#600 = AXIS2_PLACEMENT_3D ( 'NONE', #1170, #1376, #1122 ) ;
#601 = FACE_OUTER_BOUND ( 'NONE', #596, .T. ) ;
#602 = LINE ( 'NONE', #93, #1032 ) ;
#603 = DIRECTION ( 'NONE',  ( -1.000000000000000000, -0.000000000000000000, -0.000000000000000000 ) ) ;
#604 =( LENGTH_UNIT ( ) NAMED_UNIT ( * ) SI_UNIT ( .MILLI., .METRE. ) );
#605 = SURFACE_STYLE_USAGE ( .BOTH. , #740 ) ;
#606 = DIRECTION ( 'NONE',  ( 1.000000000000000000, 0.000000000000000000, 0.000000000000000000 ) ) ;
#607 = FACE_BOUND ( 'NONE', #291, .T. ) ;
#608 = CARTESIAN_POINT ( 'NONE',  ( 5.588562172233852543, 0.000000000000000000, 2.500000000000000444 ) ) ;
#609 = ADVANCED_FACE ( 'NONE', ( #641 ), #519, .T. ) ;
#610 = ORIENTED_EDGE ( 'NONE', *, *, #1086, .F. ) ;
#611 = FACE_OUTER_BOUND ( 'NONE', #322, .T. ) ;
#612 = AXIS2_PLACEMENT_3D ( 'NONE', #33, #1208, #354 ) ;
#613 = DIRECTION ( 'NONE',  ( 0.000000000000000000, 0.000000000000000000, 1.000000000000000000 ) ) ;
#614 = STYLED_ITEM ( 'NONE', ( #723 ), #938 ) ;
#615 = PRESENTATION_STYLE_ASSIGNMENT (( #605 ) ) ;
#616 = ORIENTED_EDGE ( 'NONE', *, *, #233, .F. ) ;
#617 = DIRECTION ( 'NONE',  ( 0.000000000000000000, 0.000000000000000000, -1.000000000000000000 ) ) ;
#618 = CIRCLE ( 'NONE', #477, 0.4500000000000007327 ) ;
#619 = AXIS2_PLACEMENT_3D ( 'NONE', #265, #1126, #159 ) ;
#620 =( GEOMETRIC_REPRESENTATION_CONTEXT ( 3 ) GLOBAL_UNCERTAINTY_ASSIGNED_CONTEXT ( ( #1416 ) ) GLOBAL_UNIT_ASSIGNED_CONTEXT ( ( #1417, #249, #562 ) ) REPRESENTATION_CONTEXT ( 'NONE', 'WORKASPACE' ) );
#621 = DIRECTION ( 'NONE',  ( -1.000000000000000000, -0.000000000000000000, -0.000000000000000000 ) ) ;
#622 = AXIS2_PLACEMENT_3D ( 'NONE', #430, #1218, #650 ) ;
#623 = DIRECTION ( 'NONE',  ( 0.000000000000000000, -1.000000000000000000, 0.000000000000000000 ) ) ;
#624 = FILL_AREA_STYLE ('',( #855 ) ) ;
#625 = ADVANCED_FACE ( 'NONE', ( #255 ), #1380, .T. ) ;
#626 = ORIENTED_EDGE ( 'NONE', *, *, #971, .F. ) ;
#627 = ORIENTED_EDGE ( 'NONE', *, *, #558, .T. ) ;
#628 = MECHANICAL_DESIGN_GEOMETRIC_PRESENTATION_REPRESENTATION (  '', ( #304 ), #1136 ) ;
#629 =( NAMED_UNIT ( * ) PLANE_ANGLE_UNIT ( ) SI_UNIT ( $, .RADIAN. ) );
#630 = UNCERTAINTY_MEASURE_WITH_UNIT (LENGTH_MEASURE( 1.000000000000000082E-05 ), #599, 'distance_accuracy_value', 'NONE');
#631 = PRESENTATION_STYLE_ASSIGNMENT (( #1190 ) ) ;
#632 = ORIENTED_EDGE ( 'NONE', *, *, #758, .F. ) ;
#633 = CIRCLE ( 'NONE', #99, 1.149999999999999911 ) ;
#634 = SURFACE_STYLE_FILL_AREA ( #234 ) ;
#635 = CARTESIAN_POINT ( 'NONE',  ( 9.750000000000000000, 0.000000000000000000, -5.000000000000000000 ) ) ;
#636 = TOROIDAL_SURFACE ( 'NONE', #1033, 0.8499999999999996447, 0.4999999999999997780 ) ;
#637 = AXIS2_PLACEMENT_3D ( 'NONE', #556, #436, #1381 ) ;
#638 =( GEOMETRIC_REPRESENTATION_CONTEXT ( 3 ) GLOBAL_UNCERTAINTY_ASSIGNED_CONTEXT ( ( #111 ) ) GLOBAL_UNIT_ASSIGNED_CONTEXT ( ( #143, #839, #933 ) ) REPRESENTATION_CONTEXT ( 'NONE', 'WORKASPACE' ) );
#639 =( LENGTH_UNIT ( ) NAMED_UNIT ( * ) SI_UNIT ( .MILLI., .METRE. ) );
#640 = EDGE_CURVE ( 'NONE', #981, #811, #687, .T. ) ;
#641 = FACE_OUTER_BOUND ( 'NONE', #836, .T. ) ;
#642 = AXIS2_PLACEMENT_3D ( 'NONE', #867, #1335, #328 ) ;
#643 = UNCERTAINTY_MEASURE_WITH_UNIT (LENGTH_MEASURE( 1.000000000000000082E-05 ), #930, 'distance_accuracy_value', 'NONE');
#644 = CARTESIAN_POINT ( 'NONE',  ( -9.750000000000001776, 0.000000000000000000, -5.000000000000000000 ) ) ;
#645 = VERTEX_POINT ( 'NONE', #578 ) ;
#646 = VERTEX_POINT ( 'NONE', #1090 ) ;
#647 = CIRCLE ( 'NONE', #230, 0.5000000000000000000 ) ;
#648 =( LENGTH_UNIT ( ) NAMED_UNIT ( * ) SI_UNIT ( .MILLI., .METRE. ) );
#649 = CARTESIAN_POINT ( 'NONE',  ( -7.249999999999999112, 0.000000000000000000, 1.250000000000000888 ) ) ;
#650 = DIRECTION ( 'NONE',  ( 0.000000000000000000, 0.000000000000000000, 1.000000000000000000 ) ) ;
#651 = ORIENTED_EDGE ( 'NONE', *, *, #1105, .T. ) ;
#652 =( NAMED_UNIT ( * ) SI_UNIT ( $, .STERADIAN. ) SOLID_ANGLE_UNIT ( ) );
#653 = CARTESIAN_POINT ( 'NONE',  ( -9.750000000000001776, 0.000000000000000000, -5.000000000000000000 ) ) ;
#654 = ADVANCED_FACE ( 'NONE', ( #1370 ), #636, .F. ) ;
#655 =( GEOMETRIC_REPRESENTATION_CONTEXT ( 3 ) GLOBAL_UNCERTAINTY_ASSIGNED_CONTEXT ( ( #905 ) ) GLOBAL_UNIT_ASSIGNED_CONTEXT ( ( #1040, #704, #1036 ) ) REPRESENTATION_CONTEXT ( 'NONE', 'WORKASPACE' ) );
#656 =( LENGTH_UNIT ( ) NAMED_UNIT ( * ) SI_UNIT ( .MILLI., .METRE. ) );
#657 = PRESENTATION_STYLE_ASSIGNMENT (( #664 ) ) ;
#658 = PRESENTATION_LAYER_ASSIGNMENT (  '', '', ( #100 ) ) ;
#659 =( NAMED_UNIT ( * ) PLANE_ANGLE_UNIT ( ) SI_UNIT ( $, .RADIAN. ) );
#660 =( LENGTH_UNIT ( ) NAMED_UNIT ( * ) SI_UNIT ( .MILLI., .METRE. ) );
#661 = EDGE_LOOP ( 'NONE', ( #1197, #1389, #69, #1269 ) ) ;
#662 = EDGE_CURVE ( 'NONE', #197, #306, #1360, .T. ) ;
#663 = FILL_AREA_STYLE ('',( #1249 ) ) ;
#664 = SURFACE_STYLE_USAGE ( .BOTH. , #145 ) ;
#665 = DIRECTION ( 'NONE',  ( 0.000000000000000000, 0.000000000000000000, -1.000000000000000000 ) ) ;
#666 = PRODUCT_DEFINITION ( '未知', '', #831, #827 ) ;
#667 = UNCERTAINTY_MEASURE_WITH_UNIT (LENGTH_MEASURE( 1.000000000000000082E-05 ), #604, 'distance_accuracy_value', 'NONE');
#668 = SURFACE_STYLE_FILL_AREA ( #132 ) ;
#669 =( NAMED_UNIT ( * ) PLANE_ANGLE_UNIT ( ) SI_UNIT ( $, .RADIAN. ) );
#670 = PRESENTATION_LAYER_ASSIGNMENT (  '', '', ( #759 ) ) ;
#671 = ORIENTED_EDGE ( 'NONE', *, *, #196, .T. ) ;
#672 =( NAMED_UNIT ( * ) SI_UNIT ( $, .STERADIAN. ) SOLID_ANGLE_UNIT ( ) );
#673 = DIRECTION ( 'NONE',  ( 0.000000000000000000, 0.000000000000000000, 1.000000000000000000 ) ) ;
#674 = DIRECTION ( 'NONE',  ( 0.000000000000000000, 0.000000000000000000, 1.000000000000000000 ) ) ;
#675 = FILL_AREA_STYLE ('',( #20 ) ) ;
#676 = DIRECTION ( 'NONE',  ( 0.000000000000000000, 0.000000000000000000, 1.000000000000000000 ) ) ;
#677 = SURFACE_STYLE_USAGE ( .BOTH. , #1243 ) ;
#678 = SURFACE_STYLE_FILL_AREA ( #1252 ) ;
#679 = FACE_BOUND ( 'NONE', #357, .T. ) ;
#680 = COLOUR_RGB ( '',1.000000000000000000, 0.7254901960784313486, 0.5607843137254902022 ) ;
#681 = DIRECTION ( 'NONE',  ( 0.000000000000000000, 0.000000000000000000, 1.000000000000000000 ) ) ;
#682 = DIRECTION ( 'NONE',  ( 0.000000000000000000, 0.000000000000000000, 1.000000000000000000 ) ) ;
#683 = SURFACE_STYLE_FILL_AREA ( #492 ) ;
#684 = DIRECTION ( 'NONE',  ( 0.000000000000000000, 0.000000000000000000, 1.000000000000000000 ) ) ;
#685 = CARTESIAN_POINT ( 'NONE',  ( 5.588562172233852543, 6.123233995736761105E-17, 2.000000000000000888 ) ) ;
#686 =( GEOMETRIC_REPRESENTATION_CONTEXT ( 3 ) GLOBAL_UNCERTAINTY_ASSIGNED_CONTEXT ( ( #412 ) ) GLOBAL_UNIT_ASSIGNED_CONTEXT ( ( #1318, #629, #96 ) ) REPRESENTATION_CONTEXT ( 'NONE', 'WORKASPACE' ) );
#687 = CIRCLE ( 'NONE', #619, 1.000000000000000000 ) ;
#688 = EDGE_CURVE ( 'NONE', #739, #1067, #821, .T. ) ;
#689 = PRESENTATION_LAYER_ASSIGNMENT (  '', '', ( #223 ) ) ;
#690 = SURFACE_SIDE_STYLE ('',( #678 ) ) ;
#691 = ORIENTED_EDGE ( 'NONE', *, *, #183, .T. ) ;
#692 = FILL_AREA_STYLE_COLOUR ( '', #1096 ) ;
#693 = DIRECTION ( 'NONE',  ( 0.000000000000000000, 0.000000000000000000, 1.000000000000000000 ) ) ;
#694 = DIRECTION ( 'NONE',  ( -1.000000000000000000, -0.000000000000000000, -0.000000000000000000 ) ) ;
#695 = FILL_AREA_STYLE_COLOUR ( '', #680 ) ;
#696 = CARTESIAN_POINT ( 'NONE',  ( -9.399999999999998579, 4.286263797015774189E-17, 1.700000000000000178 ) ) ;
#697 = DIRECTION ( 'NONE',  ( -2.589139516383294311E-16, 0.000000000000000000, 1.000000000000000000 ) ) ;
#698 = SURFACE_SIDE_STYLE ('',( #140 ) ) ;
#699 = COLOUR_RGB ( '',1.000000000000000000, 0.7254901960784313486, 0.5607843137254902022 ) ;
#700 = CARTESIAN_POINT ( 'NONE',  ( -4.230484486679745970, 0.000000000000000000, 2.500000000000000444 ) ) ;
#701 = ORIENTED_EDGE ( 'NONE', *, *, #1068, .T. ) ;
#702 = ORIENTED_EDGE ( 'NONE', *, *, #1264, .T. ) ;
#703 = ADVANCED_FACE ( 'NONE', ( #473 ), #329, .T. ) ;
#704 =( NAMED_UNIT ( * ) PLANE_ANGLE_UNIT ( ) SI_UNIT ( $, .RADIAN. ) );
#705 =( NAMED_UNIT ( * ) PLANE_ANGLE_UNIT ( ) SI_UNIT ( $, .RADIAN. ) );
#706 = CARTESIAN_POINT ( 'NONE',  ( 9.400000000000000355, 4.286263797015731048E-17, -5.000000000000000000 ) ) ;
#707 = CIRCLE ( 'NONE', #947, 2.000000000000000000 ) ;
#708 = MECHANICAL_DESIGN_GEOMETRIC_PRESENTATION_REPRESENTATION (  '', ( #200 ), #378 ) ;
#709 =( NAMED_UNIT ( * ) SI_UNIT ( $, .STERADIAN. ) SOLID_ANGLE_UNIT ( ) );
#710 = TOROIDAL_SURFACE ( 'NONE', #984, 3.174999999999999822, 1.000000000000000000 ) ;
#711 =( GEOMETRIC_REPRESENTATION_CONTEXT ( 3 ) GLOBAL_UNCERTAINTY_ASSIGNED_CONTEXT ( ( #204 ) ) GLOBAL_UNIT_ASSIGNED_CONTEXT ( ( #1083, #1345, #987 ) ) REPRESENTATION_CONTEXT ( 'NONE', 'WORKASPACE' ) );
#712 = DIRECTION ( 'NONE',  ( 0.000000000000000000, 0.000000000000000000, 1.000000000000000000 ) ) ;
#713 = FILL_AREA_STYLE_COLOUR ( '', #1382 ) ;
#714 = SURFACE_SIDE_STYLE ('',( #946 ) ) ;
#715 =( NAMED_UNIT ( * ) PLANE_ANGLE_UNIT ( ) SI_UNIT ( $, .RADIAN. ) );
#716 =( NAMED_UNIT ( * ) PLANE_ANGLE_UNIT ( ) SI_UNIT ( $, .RADIAN. ) );
#717 = ADVANCED_FACE ( 'NONE', ( #518 ), #264, .T. ) ;
#718 = DIRECTION ( 'NONE',  ( 0.000000000000000000, 0.000000000000000000, 1.000000000000000000 ) ) ;
#719 = DIRECTION ( 'NONE',  ( -1.000000000000000000, -0.000000000000000000, -0.000000000000000000 ) ) ;
#720 = CIRCLE ( 'NONE', #365, 0.3499999999999996447 ) ;
#721 = ORIENTED_EDGE ( 'NONE', *, *, #730, .F. ) ;
#722 = CARTESIAN_POINT ( 'NONE',  ( 4.230484486679745082, 0.000000000000000000, 2.500000000000000444 ) ) ;
#723 = PRESENTATION_STYLE_ASSIGNMENT (( #965 ) ) ;
#724 = EDGE_LOOP ( 'NONE', ( #790, #95, #956, #1192 ) ) ;
#725 = DIRECTION ( 'NONE',  ( -0.000000000000000000, 0.000000000000000000, 1.000000000000000000 ) ) ;
#726 = CARTESIAN_POINT ( 'NONE',  ( 7.249999999999999112, 1.040949779275249770E-16, 1.650000000000000799 ) ) ;
#727 = ORIENTED_EDGE ( 'NONE', *, *, #366, .F. ) ;
#728 = AXIS2_PLACEMENT_3D ( 'NONE', #1251, #1028, #363 ) ;
#729 =( NAMED_UNIT ( * ) SI_UNIT ( $, .STERADIAN. ) SOLID_ANGLE_UNIT ( ) );
#730 = EDGE_CURVE ( 'NONE', #523, #1327, #928, .T. ) ;
#731 = UNCERTAINTY_MEASURE_WITH_UNIT (LENGTH_MEASURE( 1.000000000000000082E-05 ), #335, 'distance_accuracy_value', 'NONE');
#732 = CIRCLE ( 'NONE', #567, 0.3499999999999996447 ) ;
#733 =( GEOMETRIC_REPRESENTATION_CONTEXT ( 3 ) GLOBAL_UNCERTAINTY_ASSIGNED_CONTEXT ( ( #1201 ) ) GLOBAL_UNIT_ASSIGNED_CONTEXT ( ( #1127, #1015, #789 ) ) REPRESENTATION_CONTEXT ( 'NONE', 'WORKASPACE' ) );
#734 = CARTESIAN_POINT ( 'NONE',  ( -7.250000000000000000, 0.000000000000000000, 2.500000000000000444 ) ) ;
#735 = DIRECTION ( 'NONE',  ( -5.178279032766588621E-16, 0.000000000000000000, -1.000000000000000000 ) ) ;
#736 = ORIENTED_EDGE ( 'NONE', *, *, #431, .F. ) ;
#737 = STYLED_ITEM ( 'NONE', ( #573 ), #1377 ) ;
#738 = FACE_OUTER_BOUND ( 'NONE', #1084, .T. ) ;
#739 = VERTEX_POINT ( 'NONE', #979 ) ;
#740 = SURFACE_SIDE_STYLE ('',( #210 ) ) ;
#741 = FILL_AREA_STYLE ('',( #426 ) ) ;
#742 = EDGE_CURVE ( 'NONE', #964, #1321, #85, .T. ) ;
#743 =( NAMED_UNIT ( * ) PLANE_ANGLE_UNIT ( ) SI_UNIT ( $, .RADIAN. ) );
#744 = ORIENTED_EDGE ( 'NONE', *, *, #21, .T. ) ;
#745 = AXIS2_PLACEMENT_3D ( 'NONE', #294, #934, #484 ) ;
#746 = COLOUR_RGB ( '',1.000000000000000000, 0.7254901960784313486, 0.5607843137254902022 ) ;
#747 = CIRCLE ( 'NONE', #149, 1.249999999999999334 ) ;
#748 =( GEOMETRIC_REPRESENTATION_CONTEXT ( 3 ) GLOBAL_UNCERTAINTY_ASSIGNED_CONTEXT ( ( #643 ) ) GLOBAL_UNIT_ASSIGNED_CONTEXT ( ( #930, #1138, #583 ) ) REPRESENTATION_CONTEXT ( 'NONE', 'WORKASPACE' ) );
#749 = MECHANICAL_DESIGN_GEOMETRIC_PRESENTATION_REPRESENTATION (  '', ( #967 ), #497 ) ;
#750 =( GEOMETRIC_REPRESENTATION_CONTEXT ( 3 ) GLOBAL_UNCERTAINTY_ASSIGNED_CONTEXT ( ( #977 ) ) GLOBAL_UNIT_ASSIGNED_CONTEXT ( ( #887, #456, #1000 ) ) REPRESENTATION_CONTEXT ( 'NONE', 'WORKASPACE' ) );
#751 =( NAMED_UNIT ( * ) PLANE_ANGLE_UNIT ( ) SI_UNIT ( $, .RADIAN. ) );
#752 = VERTEX_POINT ( 'NONE', #409 ) ;
#753 =( NAMED_UNIT ( * ) PLANE_ANGLE_UNIT ( ) SI_UNIT ( $, .RADIAN. ) );
#754 = AXIS2_PLACEMENT_3D ( 'NONE', #179, #1037, #74 ) ;
#755 =( NAMED_UNIT ( * ) PLANE_ANGLE_UNIT ( ) SI_UNIT ( $, .RADIAN. ) );
#756 = DIRECTION ( 'NONE',  ( 0.000000000000000000, 0.000000000000000000, 1.000000000000000000 ) ) ;
#757 = CARTESIAN_POINT ( 'NONE',  ( -8.949999999999999289, 2.663606788145493121E-16, 0.3250000000000006217 ) ) ;
#758 = EDGE_CURVE ( 'NONE', #529, #908, #1316, .T. ) ;
#759 = STYLED_ITEM ( 'NONE', ( #305 ), #594 ) ;
#760 = SURFACE_STYLE_FILL_AREA ( #1430 ) ;
#761 = SURFACE_STYLE_FILL_AREA ( #421 ) ;
#762 = FILL_AREA_STYLE ('',( #539 ) ) ;
#763 = STYLED_ITEM ( 'NONE', ( #828 ), #401 ) ;
#764 = SURFACE_STYLE_FILL_AREA ( #7 ) ;
#765 = ORIENTED_EDGE ( 'NONE', *, *, #1365, .F. ) ;
#766 = CARTESIAN_POINT ( 'NONE',  ( -8.949999999999999289, 0.000000000000000000, 2.500000000000000444 ) ) ;
#767 = CARTESIAN_POINT ( 'NONE',  ( 6.249999999999999112, 0.000000000000000000, 3.750000000000000444 ) ) ;
#768 = FILL_AREA_STYLE ('',( #1256 ) ) ;
#769 = CARTESIAN_POINT ( 'NONE',  ( 4.230484486679745970, 0.000000000000000000, 2.500000000000000444 ) ) ;
#770 = MECHANICAL_DESIGN_GEOMETRIC_PRESENTATION_REPRESENTATION (  '', ( #360 ), #869 ) ;
#771 = CARTESIAN_POINT ( 'NONE',  ( -6.911437827766146569, 0.000000000000000000, 2.500000000000000444 ) ) ;
#772 = AXIS2_PLACEMENT_3D ( 'NONE', #769, #268, #674 ) ;
#773 = FILL_AREA_STYLE ('',( #991 ) ) ;
#774 = SURFACE_STYLE_FILL_AREA ( #361 ) ;
#775 = PRODUCT_CONTEXT ( 'NONE', #808, 'mechanical' ) ;
#776 = DIRECTION ( 'NONE',  ( -2.589139516383294311E-16, 0.000000000000000000, 1.000000000000000000 ) ) ;
#777 = UNCERTAINTY_MEASURE_WITH_UNIT (LENGTH_MEASURE( 1.000000000000000082E-05 ), #374, 'distance_accuracy_value', 'NONE');
#778 = SURFACE_STYLE_FILL_AREA ( #438 ) ;
#779 = DIRECTION ( 'NONE',  ( -1.000000000000000000, -0.000000000000000000, -0.000000000000000000 ) ) ;
#780 = SURFACE_SIDE_STYLE ('',( #668 ) ) ;
#781 = CARTESIAN_POINT ( 'NONE',  ( 4.230484486679745970, 0.000000000000000000, 2.500000000000000444 ) ) ;
#782 =( GEOMETRIC_REPRESENTATION_CONTEXT ( 3 ) GLOBAL_UNCERTAINTY_ASSIGNED_CONTEXT ( ( #1313 ) ) GLOBAL_UNIT_ASSIGNED_CONTEXT ( ( #1422, #715, #73 ) ) REPRESENTATION_CONTEXT ( 'NONE', 'WORKASPACE' ) );
#783 = CARTESIAN_POINT ( 'NONE',  ( -7.250000000000000000, 0.000000000000000000, 3.350000000000000089 ) ) ;
#784 = CARTESIAN_POINT ( 'NONE',  ( 9.750000000000000000, 0.000000000000000000, -5.000000000000000000 ) ) ;
#785 = DIRECTION ( 'NONE',  ( -1.000000000000000000, -0.000000000000000000, -0.000000000000000000 ) ) ;
#786 = ADVANCED_FACE ( 'NONE', ( #286 ), #1174, .T. ) ;
#787 = CARTESIAN_POINT ( 'NONE',  ( 8.949999999999992184, 0.000000000000000000, 2.850000000000000089 ) ) ;
#788 = DIRECTION ( 'NONE',  ( -0.000000000000000000, -1.000000000000000000, -0.000000000000000000 ) ) ;
#789 =( NAMED_UNIT ( * ) SI_UNIT ( $, .STERADIAN. ) SOLID_ANGLE_UNIT ( ) );
#790 = ORIENTED_EDGE ( 'NONE', *, *, #962, .F. ) ;
#791 = ORIENTED_EDGE ( 'NONE', *, *, #1044, .F. ) ;
#792 = VECTOR ( 'NONE', #871, 1000.000000000000000 ) ;
#793 = DIRECTION ( 'NONE',  ( 0.000000000000000000, 0.000000000000000000, -1.000000000000000000 ) ) ;
#794 =( NAMED_UNIT ( * ) PLANE_ANGLE_UNIT ( ) SI_UNIT ( $, .RADIAN. ) );
#795 =( NAMED_UNIT ( * ) PLANE_ANGLE_UNIT ( ) SI_UNIT ( $, .RADIAN. ) );
#796 = PRESENTATION_LAYER_ASSIGNMENT (  '', '', ( #16 ) ) ;
#797 = CARTESIAN_POINT ( 'NONE',  ( -7.249999999999999112, 0.000000000000000000, 3.750000000000000000 ) ) ;
#798 = AXIS2_PLACEMENT_3D ( 'NONE', #157, #788, #915 ) ;
#799 = ORIENTED_EDGE ( 'NONE', *, *, #809, .T. ) ;
#800 = ORIENTED_EDGE ( 'NONE', *, *, #809, .F. ) ;
#801 = CARTESIAN_POINT ( 'NONE',  ( -6.249999999999999112, 0.000000000000000000, 2.500000000000000444 ) ) ;
#802 = SURFACE_STYLE_USAGE ( .BOTH. , #1149 ) ;
#803 = CARTESIAN_POINT ( 'NONE',  ( 9.750000000000000000, 0.000000000000000000, -5.000000000000000000 ) ) ;
#804 = CARTESIAN_POINT ( 'NONE',  ( 7.249999999999999112, 0.000000000000000000, 3.350000000000000089 ) ) ;
#805 = STYLED_ITEM ( 'NONE', ( #191 ), #1311 ) ;
#806 = CARTESIAN_POINT ( 'NONE',  ( -7.249999999999999112, 0.000000000000000000, 2.500000000000000444 ) ) ;
#807 = DIRECTION ( 'NONE',  ( -1.000000000000000000, 0.000000000000000000, 2.589139516383294804E-16 ) ) ;
#808 = APPLICATION_CONTEXT ( 'automotive_design' ) ;
#809 = EDGE_CURVE ( 'NONE', #1025, #535, #326, .T. ) ;
#810 = CARTESIAN_POINT ( 'NONE',  ( -9.750000000000000000, 0.000000000000000000, 1.700000000000000178 ) ) ;
#811 = VERTEX_POINT ( 'NONE', #835 ) ;
#812 = EDGE_LOOP ( 'NONE', ( #691, #214, #1157, #1305 ) ) ;
#813 = CARTESIAN_POINT ( 'NONE',  ( -10.09999999999999964, 0.000000000000000000, 1.700000000000000178 ) ) ;
#814 = EDGE_CURVE ( 'NONE', #837, #1128, #151, .T. ) ;
#815 = ORIENTED_EDGE ( 'NONE', *, *, #1072, .F. ) ;
#816 = CARTESIAN_POINT ( 'NONE',  ( -4.683177048531114828, 0.000000000000000000, 4.783333333333334103 ) ) ;
#817 = FACE_OUTER_BOUND ( 'NONE', #1129, .T. ) ;
#818 = ADVANCED_FACE ( 'NONE', ( #1055 ), #870, .F. ) ;
#819 =( GEOMETRIC_REPRESENTATION_CONTEXT ( 3 ) GLOBAL_UNCERTAINTY_ASSIGNED_CONTEXT ( ( #1424 ) ) GLOBAL_UNIT_ASSIGNED_CONTEXT ( ( #1150, #751, #1163 ) ) REPRESENTATION_CONTEXT ( 'NONE', 'WORKASPACE' ) );
#820 = CARTESIAN_POINT ( 'NONE',  ( 9.750000000000000000, 0.000000000000000000, -5.000000000000000000 ) ) ;
#821 = CIRCLE ( 'NONE', #418, 0.3499999999999996447 ) ;
#822 = CIRCLE ( 'NONE', #637, 2.000000000000000000 ) ;
#823 = STYLED_ITEM ( 'NONE', ( #1325 ), #818 ) ;
#824 = DIRECTION ( 'NONE',  ( 0.000000000000000000, 0.000000000000000000, 1.000000000000000000 ) ) ;
#825 = LINE ( 'NONE', #1319, #1420 ) ;
#826 = FACE_OUTER_BOUND ( 'NONE', #884, .T. ) ;
#827 = PRODUCT_DEFINITION_CONTEXT ( 'detailed design', #314, 'design' ) ;
#828 = PRESENTATION_STYLE_ASSIGNMENT (( #288 ) ) ;
#829 = DIRECTION ( 'NONE',  ( 0.000000000000000000, 0.000000000000000000, 1.000000000000000000 ) ) ;
#830 = STYLED_ITEM ( 'NONE', ( #883 ), #1227 ) ;
#831 = PRODUCT_DEFINITION_FORMATION_WITH_SPECIFIED_SOURCE ( '任何', '', #496, .NOT_KNOWN. ) ;
#832 = ORIENTED_EDGE ( 'NONE', *, *, #1105, .F. ) ;
#833 = SURFACE_STYLE_FILL_AREA ( #182 ) ;
#834 = FILL_AREA_STYLE ('',( #385 ) ) ;
#835 = CARTESIAN_POINT ( 'NONE',  ( 4.683177048531114828, 2.796276858053123456E-16, 0.2166666666666670904 ) ) ;
#836 = EDGE_LOOP ( 'NONE', ( #584, #651, #181, #590 ) ) ;
#837 = VERTEX_POINT ( 'NONE', #1182 ) ;
#838 = COLOUR_RGB ( '',0.8509803921568627194, 0.8509803921568627194, 0.8509803921568627194 ) ;
#839 =( NAMED_UNIT ( * ) PLANE_ANGLE_UNIT ( ) SI_UNIT ( $, .RADIAN. ) );
#840 = CIRCLE ( 'NONE', #600, 0.3499999999999996447 ) ;
#841 = ADVANCED_FACE ( 'NONE', ( #1216 ), #1429, .F. ) ;
#842 = UNCERTAINTY_MEASURE_WITH_UNIT (LENGTH_MEASURE( 1.000000000000000082E-05 ), #351, 'distance_accuracy_value', 'NONE');
#843 = CARTESIAN_POINT ( 'NONE',  ( 8.949999999999992184, 0.000000000000000000, 2.850000000000000089 ) ) ;
#844 = DIRECTION ( 'NONE',  ( -1.000000000000000000, -0.000000000000000000, -0.000000000000000000 ) ) ;
#845 = EDGE_LOOP ( 'NONE', ( #587, #167 ) ) ;
#846 = SURFACE_SIDE_STYLE ('',( #1061 ) ) ;
#847 = DIRECTION ( 'NONE',  ( 0.000000000000000000, -1.224646799147353454E-16, 1.000000000000000000 ) ) ;
#848 = CIRCLE ( 'NONE', #1408, 2.000000000000000000 ) ;
#849 = FILL_AREA_STYLE ('',( #1168 ) ) ;
#850 = SURFACE_SIDE_STYLE ('',( #973 ) ) ;
#851 = DIRECTION ( 'NONE',  ( 0.000000000000000000, 0.000000000000000000, 1.000000000000000000 ) ) ;
#852 = ORIENTED_EDGE ( 'NONE', *, *, #75, .T. ) ;
#853 = ORIENTED_EDGE ( 'NONE', *, *, #414, .F. ) ;
#854 = AXIS2_PLACEMENT_3D ( 'NONE', #133, #225, #403 ) ;
#855 = FILL_AREA_STYLE_COLOUR ( '', #1254 ) ;
#856 = ADVANCED_FACE ( 'NONE', ( #118 ), #1019, .T. ) ;
#857 = DIRECTION ( 'NONE',  ( -1.000000000000000000, -0.000000000000000000, -0.000000000000000000 ) ) ;
#858 =( LENGTH_UNIT ( ) NAMED_UNIT ( * ) SI_UNIT ( .MILLI., .METRE. ) );
#859 = ORIENTED_EDGE ( 'NONE', *, *, #688, .T. ) ;
#860 = EDGE_LOOP ( 'NONE', ( #799, #515, #1178, #406 ) ) ;
#861 = UNCERTAINTY_MEASURE_WITH_UNIT (LENGTH_MEASURE( 1.000000000000000082E-05 ), #455, 'distance_accuracy_value', 'NONE');
#862 =( LENGTH_UNIT ( ) NAMED_UNIT ( * ) SI_UNIT ( .MILLI., .METRE. ) );
#863 = CARTESIAN_POINT ( 'NONE',  ( 8.949999999999999289, 0.000000000000000000, 1.700000000000000178 ) ) ;
#864 = ORIENTED_EDGE ( 'NONE', *, *, #1229, .T. ) ;
#865 = PRODUCT_RELATED_PRODUCT_CATEGORY ( 'part', '', ( #496 ) ) ;
#866 = AXIS2_PLACEMENT_3D ( 'NONE', #988, #995, #1001 ) ;
#867 = CARTESIAN_POINT ( 'NONE',  ( 6.249999999999999112, 1.530808498934191324E-16, 1.250000000000000666 ) ) ;
#868 = CARTESIAN_POINT ( 'NONE',  ( 8.949999999999992184, 0.000000000000000000, 2.500000000000000444 ) ) ;
#869 =( GEOMETRIC_REPRESENTATION_CONTEXT ( 3 ) GLOBAL_UNCERTAINTY_ASSIGNED_CONTEXT ( ( #731 ) ) GLOBAL_UNIT_ASSIGNED_CONTEXT ( ( #335, #546, #1089 ) ) REPRESENTATION_CONTEXT ( 'NONE', 'WORKASPACE' ) );
#870 = TOROIDAL_SURFACE ( 'NONE', #293, 0.8499999999999996447, 0.4999999999999997780 ) ;
#871 = DIRECTION ( 'NONE',  ( -1.000000000000000000, -0.000000000000000000, -0.000000000000000000 ) ) ;
#872 = ORIENTED_EDGE ( 'NONE', *, *, #28, .T. ) ;
#873 = STYLED_ITEM ( 'NONE', ( #575 ), #1349 ) ;
#874 = DIRECTION ( 'NONE',  ( -1.000000000000000000, -0.000000000000000000, -0.000000000000000000 ) ) ;
#875 = PRESENTATION_LAYER_ASSIGNMENT (  '', '', ( #1317 ) ) ;
#876 = CIRCLE ( 'NONE', #1186, 0.8499999999999996447 ) ;
#877 =( LENGTH_UNIT ( ) NAMED_UNIT ( * ) SI_UNIT ( .MILLI., .METRE. ) );
#878 = CARTESIAN_POINT ( 'NONE',  ( 7.750000000000000000, 0.000000000000000000, 2.500000000000000444 ) ) ;
#879 = DIRECTION ( 'NONE',  ( -5.178279032766588621E-16, 0.000000000000000000, -1.000000000000000000 ) ) ;
#880 = EDGE_CURVE ( 'NONE', #298, #274, #1005, .T. ) ;
#881 = VERTEX_POINT ( 'NONE', #92 ) ;
#882 = TOROIDAL_SURFACE ( 'NONE', #76, 3.174999999999999822, 1.000000000000000000 ) ;
#883 = PRESENTATION_STYLE_ASSIGNMENT (( #18 ) ) ;
#884 = EDGE_LOOP ( 'NONE', ( #110, #1049 ) ) ;
#885 = VERTEX_POINT ( 'NONE', #186 ) ;
#886 =( NAMED_UNIT ( * ) SI_UNIT ( $, .STERADIAN. ) SOLID_ANGLE_UNIT ( ) );
#887 =( LENGTH_UNIT ( ) NAMED_UNIT ( * ) SI_UNIT ( .MILLI., .METRE. ) );
#888 = COLOUR_RGB ( '',1.000000000000000000, 0.7254901960784313486, 0.5607843137254902022 ) ;
#889 = LINE ( 'NONE', #757, #1176 ) ;
#890 = MECHANICAL_DESIGN_GEOMETRIC_PRESENTATION_REPRESENTATION (  '', ( #172 ), #1287 ) ;
#891 = PRESENTATION_LAYER_ASSIGNMENT (  '', '', ( #1131 ) ) ;
#892 = PRESENTATION_LAYER_ASSIGNMENT (  '', '', ( #614 ) ) ;
#893 = COLOUR_RGB ( '',0.8509803921568627194, 0.8509803921568627194, 0.8509803921568627194 ) ;
#894 =( NAMED_UNIT ( * ) SI_UNIT ( $, .STERADIAN. ) SOLID_ANGLE_UNIT ( ) );
#895 = CIRCLE ( 'NONE', #1425, 0.5000000000000000000 ) ;
#896 = STYLED_ITEM ( 'NONE', ( #631 ), #169 ) ;
#897 = PRESENTATION_LAYER_ASSIGNMENT (  '', '', ( #823 ) ) ;
#898 = PRESENTATION_STYLE_ASSIGNMENT (( #241 ) ) ;
#899 = EDGE_CURVE ( 'NONE', #646, #1128, #633, .T. ) ;
#900 = ORIENTED_EDGE ( 'NONE', *, *, #550, .T. ) ;
#901 = ORIENTED_EDGE ( 'NONE', *, *, #513, .T. ) ;
#902 = CIRCLE ( 'NONE', #642, 1.000000000000000000 ) ;
#903 = DIRECTION ( 'NONE',  ( -2.589139516383294804E-16, 0.000000000000000000, -1.000000000000000000 ) ) ;
#904 = CARTESIAN_POINT ( 'NONE',  ( -4.230484486679745970, 0.000000000000000000, 2.500000000000000444 ) ) ;
#905 = UNCERTAINTY_MEASURE_WITH_UNIT (LENGTH_MEASURE( 1.000000000000000082E-05 ), #1040, 'distance_accuracy_value', 'NONE');
#906 = FILL_AREA_STYLE_COLOUR ( '', #1385 ) ;
#907 = FILL_AREA_STYLE_COLOUR ( '', #893 ) ;
#908 = VERTEX_POINT ( 'NONE', #206 ) ;
#909 = ORIENTED_EDGE ( 'NONE', *, *, #65, .T. ) ;
#910 = FILL_AREA_STYLE ('',( #569 ) ) ;
#911 = FACE_OUTER_BOUND ( 'NONE', #510, .T. ) ;
#912 = PRESENTATION_STYLE_ASSIGNMENT (( #1383 ) ) ;
#913 = DIRECTION ( 'NONE',  ( -1.000000000000000000, 0.000000000000000000, 5.178279032766588621E-16 ) ) ;
#914 = FACE_OUTER_BOUND ( 'NONE', #237, .T. ) ;
#915 = DIRECTION ( 'NONE',  ( 0.000000000000000000, 0.000000000000000000, -1.000000000000000000 ) ) ;
#916 = SURFACE_SIDE_STYLE ('',( #466 ) ) ;
#917 = PRESENTATION_STYLE_ASSIGNMENT (( #445 ) ) ;
#918 = SURFACE_SIDE_STYLE ('',( #467 ) ) ;
#919 = CIRCLE ( 'NONE', #963, 0.3499999999999996447 ) ;
#920 =( NAMED_UNIT ( * ) SI_UNIT ( $, .STERADIAN. ) SOLID_ANGLE_UNIT ( ) );
#921 = FACE_OUTER_BOUND ( 'NONE', #1070, .T. ) ;
#922 = DIRECTION ( 'NONE',  ( 0.000000000000000000, 0.000000000000000000, 1.000000000000000000 ) ) ;
#923 = LINE ( 'NONE', #706, #331 ) ;
#924 = PRODUCT_DEFINITION_SHAPE ( 'NONE', 'NONE',  #666 ) ;
#925 = ADVANCED_FACE ( 'NONE', ( #826, #607 ), #1299, .F. ) ;
#926 = AXIS2_PLACEMENT_3D ( 'NONE', #315, #51, #1372 ) ;
#927 = PLANE ( 'NONE',  #1341 ) ;
#928 = CIRCLE ( 'NONE', #1099, 2.283333333333333215 ) ;
#929 = VERTEX_POINT ( 'NONE', #1304 ) ;
#930 =( LENGTH_UNIT ( ) NAMED_UNIT ( * ) SI_UNIT ( .MILLI., .METRE. ) );
#931 = ORIENTED_EDGE ( 'NONE', *, *, #1264, .F. ) ;
#932 = PRESENTATION_STYLE_ASSIGNMENT (( #1280 ) ) ;
#933 =( NAMED_UNIT ( * ) SI_UNIT ( $, .STERADIAN. ) SOLID_ANGLE_UNIT ( ) );
#934 = DIRECTION ( 'NONE',  ( -1.000000000000000000, -0.000000000000000000, -0.000000000000000000 ) ) ;
#935 = DIRECTION ( 'NONE',  ( -1.000000000000000000, -0.000000000000000000, -0.000000000000000000 ) ) ;
#936 = COLOUR_RGB ( '',1.000000000000000000, 0.7254901960784313486, 0.5607843137254902022 ) ;
#937 = SURFACE_STYLE_USAGE ( .BOTH. , #297 ) ;
#938 = ADVANCED_FACE ( 'NONE', ( #1297 ), #564, .T. ) ;
#939 = CYLINDRICAL_SURFACE ( 'NONE', #1093, 0.3499999999999996447 ) ;
#940 =( NAMED_UNIT ( * ) SI_UNIT ( $, .STERADIAN. ) SOLID_ANGLE_UNIT ( ) );
#941 = CARTESIAN_POINT ( 'NONE',  ( -8.949999999999999289, 0.000000000000000000, 1.700000000000000178 ) ) ;
#942 = SURFACE_SIDE_STYLE ('',( #1203 ) ) ;
#943 = DIRECTION ( 'NONE',  ( -2.589139516383294311E-16, 0.000000000000000000, 1.000000000000000000 ) ) ;
#944 = CARTESIAN_POINT ( 'NONE',  ( -7.750000000000000000, 0.000000000000000000, 2.500000000000000444 ) ) ;
#945 = DIRECTION ( 'NONE',  ( -0.000000000000000000, -1.000000000000000000, 0.000000000000000000 ) ) ;
#946 = SURFACE_STYLE_FILL_AREA ( #287 ) ;
#947 = AXIS2_PLACEMENT_3D ( 'NONE', #67, #1172, #613 ) ;
#948 = STYLED_ITEM ( 'NONE', ( #41 ), #703 ) ;
#949 = ADVANCED_FACE ( 'NONE', ( #300 ), #939, .T. ) ;
#950 = CARTESIAN_POINT ( 'NONE',  ( 8.949999999999999289, 0.000000000000000000, 1.700000000000000178 ) ) ;
#951 =( NAMED_UNIT ( * ) SI_UNIT ( $, .STERADIAN. ) SOLID_ANGLE_UNIT ( ) );
#952 =( GEOMETRIC_REPRESENTATION_CONTEXT ( 3 ) GLOBAL_UNCERTAINTY_ASSIGNED_CONTEXT ( ( #842 ) ) GLOBAL_UNIT_ASSIGNED_CONTEXT ( ( #351, #795, #1113 ) ) REPRESENTATION_CONTEXT ( 'NONE', 'WORKASPACE' ) );
#953 =( GEOMETRIC_REPRESENTATION_CONTEXT ( 3 ) GLOBAL_UNCERTAINTY_ASSIGNED_CONTEXT ( ( #1169 ) ) GLOBAL_UNIT_ASSIGNED_CONTEXT ( ( #1109, #71, #940 ) ) REPRESENTATION_CONTEXT ( 'NONE', 'WORKASPACE' ) );
#954 = EDGE_LOOP ( 'NONE', ( #853, #1162, #1278, #727 ) ) ;
#955 = CYLINDRICAL_SURFACE ( 'NONE', #80, 0.3499999999999996447 ) ;
#956 = ORIENTED_EDGE ( 'NONE', *, *, #395, .T. ) ;
#957 = MECHANICAL_DESIGN_GEOMETRIC_PRESENTATION_REPRESENTATION (  '', ( #759 ), #782 ) ;
#958 = UNCERTAINTY_MEASURE_WITH_UNIT (LENGTH_MEASURE( 1.000000000000000082E-05 ), #1230, 'distance_accuracy_value', 'NONE');
#959 = VERTEX_POINT ( 'NONE', #1034 ) ;
#960 = TOROIDAL_SURFACE ( 'NONE', #1356, 0.4999999999999995559, 1.999999999999999556 ) ;
#961 = MECHANICAL_DESIGN_GEOMETRIC_PRESENTATION_REPRESENTATION (  '', ( #146 ), #1253 ) ;
#962 = EDGE_CURVE ( 'NONE', #981, #975, #1290, .T. ) ;
#963 = AXIS2_PLACEMENT_3D ( 'NONE', #784, #63, #269 ) ;
#964 = VERTEX_POINT ( 'NONE', #1302 ) ;
#965 = SURFACE_STYLE_USAGE ( .BOTH. , #846 ) ;
#966 = DIRECTION ( 'NONE',  ( -1.000000000000000000, -0.000000000000000000, -0.000000000000000000 ) ) ;
#967 = STYLED_ITEM ( 'NONE', ( #932 ), #312 ) ;
#968 = FILL_AREA_STYLE ('',( #522 ) ) ;
#969 = ORIENTED_EDGE ( 'NONE', *, *, #558, .F. ) ;
#970 = ORIENTED_EDGE ( 'NONE', *, *, #550, .F. ) ;
#971 = EDGE_CURVE ( 'NONE', #192, #1321, #707, .T. ) ;
#972 = ADVANCED_FACE ( 'NONE', ( #503 ), #955, .T. ) ;
#973 = SURFACE_STYLE_FILL_AREA ( #227 ) ;
#974 = CIRCLE ( 'NONE', #166, 1.249999999999999334 ) ;
#975 = VERTEX_POINT ( 'NONE', #1242 ) ;
#976 = EDGE_LOOP ( 'NONE', ( #832, #339, #480, #432 ) ) ;
#977 = UNCERTAINTY_MEASURE_WITH_UNIT (LENGTH_MEASURE( 1.000000000000000082E-05 ), #887, 'distance_accuracy_value', 'NONE');
#978 = DIRECTION ( 'NONE',  ( 0.000000000000000000, -1.224646799147353207E-16, 1.000000000000000000 ) ) ;
#979 = CARTESIAN_POINT ( 'NONE',  ( 7.750000000000000000, 0.000000000000000000, 2.850000000000000089 ) ) ;
#980 = FILL_AREA_STYLE ('',( #534 ) ) ;
#981 = VERTEX_POINT ( 'NONE', #1217 ) ;
#982 = CIRCLE ( 'NONE', #728, 2.283333333333333215 ) ;
#983 = DIRECTION ( 'NONE',  ( -0.000000000000000000, 1.000000000000000000, 1.224646799147353207E-16 ) ) ;
#984 = AXIS2_PLACEMENT_3D ( 'NONE', #904, #785, #1002 ) ;
#985 = COLOUR_RGB ( '',0.8509803921568627194, 0.8509803921568627194, 0.8509803921568627194 ) ;
#986 = EDGE_CURVE ( 'NONE', #383, #646, #516, .T. ) ;
#987 =( NAMED_UNIT ( * ) SI_UNIT ( $, .STERADIAN. ) SOLID_ANGLE_UNIT ( ) );
#988 = CARTESIAN_POINT ( 'NONE',  ( 9.749999999999998224, 0.000000000000000000, 1.700000000000000178 ) ) ;
#989 = ORIENTED_EDGE ( 'NONE', *, *, #1077, .F. ) ;
#990 = PRESENTATION_LAYER_ASSIGNMENT (  '', '', ( #873 ) ) ;
#991 = FILL_AREA_STYLE_COLOUR ( '', #1324 ) ;
#992 = PRESENTATION_LAYER_ASSIGNMENT (  '', '', ( #737 ) ) ;
#993 = CARTESIAN_POINT ( 'NONE',  ( -4.230484486679745970, 2.729941823099308289E-16, 0.3250000000000006217 ) ) ;
#994 = PRESENTATION_STYLE_ASSIGNMENT (( #1320 ) ) ;
#995 = DIRECTION ( 'NONE',  ( 0.000000000000000000, 0.000000000000000000, 1.000000000000000000 ) ) ;
#996 = ORIENTED_EDGE ( 'NONE', *, *, #91, .F. ) ;
#997 = PRESENTATION_STYLE_ASSIGNMENT (( #552 ) ) ;
#998 =( NAMED_UNIT ( * ) SI_UNIT ( $, .STERADIAN. ) SOLID_ANGLE_UNIT ( ) );
#999 = DIRECTION ( 'NONE',  ( -1.000000000000000000, -0.000000000000000000, -0.000000000000000000 ) ) ;
#1000 =( NAMED_UNIT ( * ) SI_UNIT ( $, .STERADIAN. ) SOLID_ANGLE_UNIT ( ) );
#1001 = DIRECTION ( 'NONE',  ( 1.000000000000000000, 0.000000000000000000, 0.000000000000000000 ) ) ;
#1002 = DIRECTION ( 'NONE',  ( 0.000000000000000000, 0.000000000000000000, 1.000000000000000000 ) ) ;
#1003 = EDGE_CURVE ( 'NONE', #981, #306, #889, .T. ) ;
#1004 = STYLED_ITEM ( 'NONE', ( #657 ), #972 ) ;
#1005 = CIRCLE ( 'NONE', #1047, 0.8499999999999996447 ) ;
#1006 = SURFACE_SIDE_STYLE ('',( #774 ) ) ;
#1007 = APPLICATION_PROTOCOL_DEFINITION ( 'draft international standard', 'automotive_design', 1998, #314 ) ;
#1008 = PRESENTATION_LAYER_ASSIGNMENT (  '', '', ( #360 ) ) ;
#1009 =( NAMED_UNIT ( * ) PLANE_ANGLE_UNIT ( ) SI_UNIT ( $, .RADIAN. ) );
#1010 = AXIS2_PLACEMENT_3D ( 'NONE', #1363, #342, #48 ) ;
#1011 =( LENGTH_UNIT ( ) NAMED_UNIT ( * ) SI_UNIT ( .MILLI., .METRE. ) );
#1012 = DIRECTION ( 'NONE',  ( -1.000000000000000000, -0.000000000000000000, -0.000000000000000000 ) ) ;
#1013 = CARTESIAN_POINT ( 'NONE',  ( 7.750000000000000000, 1.040949779275249770E-16, 1.650000000000000799 ) ) ;
#1014 = PRESENTATION_LAYER_ASSIGNMENT (  '', '', ( #301 ) ) ;
#1015 =( NAMED_UNIT ( * ) PLANE_ANGLE_UNIT ( ) SI_UNIT ( $, .RADIAN. ) );
#1016 = ORIENTED_EDGE ( 'NONE', *, *, #178, .F. ) ;
#1017 = CIRCLE ( 'NONE', #46, 1.000000000000000000 ) ;
#1018 = DIRECTION ( 'NONE',  ( -1.000000000000000000, -0.000000000000000000, -0.000000000000000000 ) ) ;
#1019 = CYLINDRICAL_SURFACE ( 'NONE', #1357, 0.3499999999999996447 ) ;
#1020 =( LENGTH_UNIT ( ) NAMED_UNIT ( * ) SI_UNIT ( .MILLI., .METRE. ) );
#1021 = DIRECTION ( 'NONE',  ( 0.000000000000000000, 0.000000000000000000, -1.000000000000000000 ) ) ;
#1022 = CIRCLE ( 'NONE', #1306, 0.5000000000000000000 ) ;
#1023 = ORIENTED_EDGE ( 'NONE', *, *, #1394, .T. ) ;
#1024 = CARTESIAN_POINT ( 'NONE',  ( -5.588562172233852543, 0.000000000000000000, 3.000000000000000000 ) ) ;
#1025 = VERTEX_POINT ( 'NONE', #533 ) ;
#1026 = EDGE_LOOP ( 'NONE', ( #551, #544, #173, #483 ) ) ;
#1027 = PRESENTATION_LAYER_ASSIGNMENT (  '', '', ( #236 ) ) ;
#1028 = DIRECTION ( 'NONE',  ( -1.000000000000000000, -0.000000000000000000, -0.000000000000000000 ) ) ;
#1029 = DIRECTION ( 'NONE',  ( -1.000000000000000000, -0.000000000000000000, -0.000000000000000000 ) ) ;
#1030 = ADVANCED_FACE ( 'NONE', ( #246 ), #1379, .T. ) ;
#1031 = FILL_AREA_STYLE_COLOUR ( '', #699 ) ;
#1032 = VECTOR ( 'NONE', #509, 1000.000000000000000 ) ;
#1033 = AXIS2_PLACEMENT_3D ( 'NONE', #944, #489, #180 ) ;
#1034 = CARTESIAN_POINT ( 'NONE',  ( 7.249999999999999112, 1.990051048614448623E-16, 1.250000000000000888 ) ) ;
#1035 = EDGE_CURVE ( 'NONE', #752, #308, #13, .T. ) ;
#1036 =( NAMED_UNIT ( * ) SI_UNIT ( $, .STERADIAN. ) SOLID_ANGLE_UNIT ( ) );
#1037 = DIRECTION ( 'NONE',  ( -0.000000000000000000, -1.000000000000000000, -0.000000000000000000 ) ) ;
#1038 = CARTESIAN_POINT ( 'NONE',  ( -4.230484486679745970, 0.000000000000000000, 2.500000000000000444 ) ) ;
#1039 = TOROIDAL_SURFACE ( 'NONE', #1244, 1.249999999999999778, 1.000000000000000000 ) ;
#1040 =( LENGTH_UNIT ( ) NAMED_UNIT ( * ) SI_UNIT ( .MILLI., .METRE. ) );
#1041 = FILL_AREA_STYLE_COLOUR ( '', #479 ) ;
#1042 = CARTESIAN_POINT ( 'NONE',  ( -7.750000000000000000, 0.000000000000000000, 3.350000000000000089 ) ) ;
#1043 = DIRECTION ( 'NONE',  ( 0.000000000000000000, 0.000000000000000000, 1.000000000000000000 ) ) ;
#1044 = EDGE_CURVE ( 'NONE', #1224, #529, #424, .T. ) ;
#1045 = DIRECTION ( 'NONE',  ( -1.000000000000000000, -0.000000000000000000, -0.000000000000000000 ) ) ;
#1046 = MECHANICAL_DESIGN_GEOMETRIC_PRESENTATION_REPRESENTATION (  '', ( #1004 ), #563 ) ;
#1047 = AXIS2_PLACEMENT_3D ( 'NONE', #734, #621, #712 ) ;
#1048 = UNCERTAINTY_MEASURE_WITH_UNIT (LENGTH_MEASURE( 1.000000000000000082E-05 ), #245, 'distance_accuracy_value', 'NONE');
#1049 = ORIENTED_EDGE ( 'NONE', *, *, #490, .F. ) ;
#1050 = AXIS2_PLACEMENT_3D ( 'NONE', #649, #117, #1091 ) ;
#1051 = CIRCLE ( 'NONE', #263, 2.283333333333333215 ) ;
#1052 = AXIS2_PLACEMENT_3D ( 'NONE', #767, #10, #1221 ) ;
#1053 = VECTOR ( 'NONE', #581, 1000.000000000000000 ) ;
#1054 = MECHANICAL_DESIGN_GEOMETRIC_PRESENTATION_REPRESENTATION (  '', ( #823 ), #711 ) ;
#1055 = FACE_OUTER_BOUND ( 'NONE', #1266, .T. ) ;
#1056 = ORIENTED_EDGE ( 'NONE', *, *, #211, .F. ) ;
#1057 = DIRECTION ( 'NONE',  ( 0.000000000000000000, 0.000000000000000000, 1.000000000000000000 ) ) ;
#1058 = PRESENTATION_STYLE_ASSIGNMENT (( #307 ) ) ;
#1059 = CARTESIAN_POINT ( 'NONE',  ( -9.750000000000000000, 0.000000000000000000, 1.700000000000000178 ) ) ;
#1060 = ORIENTED_EDGE ( 'NONE', *, *, #1137, .F. ) ;
#1061 = SURFACE_STYLE_FILL_AREA ( #624 ) ;
#1062 = STYLED_ITEM ( 'NONE', ( #1058 ), #380 ) ;
#1063 = EDGE_CURVE ( 'NONE', #881, #222, #259, .T. ) ;
#1064 = TOROIDAL_SURFACE ( 'NONE', #428, 0.4999999999999995559, 1.999999999999999556 ) ;
#1065 = CARTESIAN_POINT ( 'NONE',  ( 9.399999999999998579, 4.286263797015731048E-17, 1.700000000000000178 ) ) ;
#1066 = EDGE_LOOP ( 'NONE', ( #1187, #425, #1175, #626 ) ) ;
#1067 = VERTEX_POINT ( 'NONE', #429 ) ;
#1068 = EDGE_CURVE ( 'NONE', #881, #308, #1236, .T. ) ;
#1069 = FACE_OUTER_BOUND ( 'NONE', #1279, .T. ) ;
#1070 = EDGE_LOOP ( 'NONE', ( #702, #243, #1080, #969 ) ) ;
#1071 = STYLED_ITEM ( 'NONE', ( #1393 ), #949 ) ;
#1072 = EDGE_CURVE ( 'NONE', #929, #388, #199, .T. ) ;
#1073 = MECHANICAL_DESIGN_GEOMETRIC_PRESENTATION_REPRESENTATION (  '', ( #1228 ), #1259 ) ;
#1074 = UNCERTAINTY_MEASURE_WITH_UNIT (LENGTH_MEASURE( 1.000000000000000082E-05 ), #148, 'distance_accuracy_value', 'NONE');
#1075 = PRESENTATION_LAYER_ASSIGNMENT (  '', '', ( #896 ) ) ;
#1076 = CARTESIAN_POINT ( 'NONE',  ( -6.249999999999999112, 1.530808498934191324E-16, 1.250000000000000666 ) ) ;
#1077 = EDGE_CURVE ( 'NONE', #535, #1025, #919, .T. ) ;
#1078 = CARTESIAN_POINT ( 'NONE',  ( 6.249999999999999112, 0.000000000000000000, 2.500000000000000444 ) ) ;
#1079 = TOROIDAL_SURFACE ( 'NONE', #854, 0.8499999999999996447, 0.4999999999999997780 ) ;
#1080 = ORIENTED_EDGE ( 'NONE', *, *, #662, .F. ) ;
#1081 = MECHANICAL_DESIGN_GEOMETRIC_PRESENTATION_REPRESENTATION (  '', ( #423 ), #953 ) ;
#1082 = SURFACE_STYLE_USAGE ( .BOTH. , #942 ) ;
#1083 =( LENGTH_UNIT ( ) NAMED_UNIT ( * ) SI_UNIT ( .MILLI., .METRE. ) );
#1084 = EDGE_LOOP ( 'NONE', ( #1315, #900, #815, #1286 ) ) ;
#1085 = VERTEX_POINT ( 'NONE', #804 ) ;
#1086 = EDGE_CURVE ( 'NONE', #1327, #523, #982, .T. ) ;
#1087 = FILL_AREA_STYLE_COLOUR ( '', #420 ) ;
#1088 =( NAMED_UNIT ( * ) SI_UNIT ( $, .STERADIAN. ) SOLID_ANGLE_UNIT ( ) );
#1089 =( NAMED_UNIT ( * ) SI_UNIT ( $, .STERADIAN. ) SOLID_ANGLE_UNIT ( ) );
#1090 = CARTESIAN_POINT ( 'NONE',  ( 10.09999999999999787, 0.000000000000000000, 1.700000000000000178 ) ) ;
#1091 = DIRECTION ( 'NONE',  ( 0.000000000000000000, 0.000000000000000000, -1.000000000000000000 ) ) ;
#1092 = ORIENTED_EDGE ( 'NONE', *, *, #283, .T. ) ;
#1093 = AXIS2_PLACEMENT_3D ( 'NONE', #1059, #1296, #299 ) ;
#1094 = DIRECTION ( 'NONE',  ( -0.000000000000000000, -1.000000000000000000, -0.000000000000000000 ) ) ;
#1095 = DIRECTION ( 'NONE',  ( -0.000000000000000000, 1.000000000000000000, 1.224646799147353207E-16 ) ) ;
#1096 = COLOUR_RGB ( '',1.000000000000000000, 0.7254901960784313486, 0.5607843137254902022 ) ;
#1097 = SURFACE_SIDE_STYLE ('',( #760 ) ) ;
#1098 = AXIS2_PLACEMENT_3D ( 'NONE', #370, #903, #554 ) ;
#1099 = AXIS2_PLACEMENT_3D ( 'NONE', #98, #341, #532 ) ;
#1100 = SURFACE_STYLE_USAGE ( .BOTH. , #1222 ) ;
#1101 = SURFACE_STYLE_FILL_AREA ( #762 ) ;
#1102 = SURFACE_STYLE_FILL_AREA ( #968 ) ;
#1103 = COLOUR_RGB ( '',0.8509803921568627194, 0.8509803921568627194, 0.8509803921568627194 ) ;
#1104 = FACE_OUTER_BOUND ( 'NONE', #1066, .T. ) ;
#1105 = EDGE_CURVE ( 'NONE', #908, #881, #120, .T. ) ;
#1106 = ADVANCED_BREP_SHAPE_REPRESENTATION ( '零件8', ( #1227, #156 ), #387 ) ;
#1107 = SURFACE_STYLE_FILL_AREA ( #773 ) ;
#1108 = ORIENTED_EDGE ( 'NONE', *, *, #1143, .F. ) ;
#1109 =( LENGTH_UNIT ( ) NAMED_UNIT ( * ) SI_UNIT ( .MILLI., .METRE. ) );
#1110 = SURFACE_STYLE_FILL_AREA ( #768 ) ;
#1111 = PRESENTATION_STYLE_ASSIGNMENT (( #251 ) ) ;
#1112 = UNCERTAINTY_MEASURE_WITH_UNIT (LENGTH_MEASURE( 1.000000000000000082E-05 ), #474, 'distance_accuracy_value', 'NONE');
#1113 =( NAMED_UNIT ( * ) SI_UNIT ( $, .STERADIAN. ) SOLID_ANGLE_UNIT ( ) );
#1114 = DIRECTION ( 'NONE',  ( 0.000000000000000000, 0.000000000000000000, 1.000000000000000000 ) ) ;
#1115 = SURFACE_STYLE_USAGE ( .BOTH. , #690 ) ;
#1116 = FILL_AREA_STYLE_COLOUR ( '', #384 ) ;
#1117 = AXIS2_PLACEMENT_3D ( 'NONE', #1291, #187, #1141 ) ;
#1118 = CARTESIAN_POINT ( 'NONE',  ( -7.250000000000000000, 1.040949779275249770E-16, 1.650000000000000799 ) ) ;
#1119 =( NAMED_UNIT ( * ) PLANE_ANGLE_UNIT ( ) SI_UNIT ( $, .RADIAN. ) );
#1120 =( LENGTH_UNIT ( ) NAMED_UNIT ( * ) SI_UNIT ( .MILLI., .METRE. ) );
#1121 = COLOUR_RGB ( '',0.8509803921568627194, 0.8509803921568627194, 0.8509803921568627194 ) ;
#1122 = DIRECTION ( 'NONE',  ( 0.000000000000000000, 0.000000000000000000, 1.000000000000000000 ) ) ;
#1123 =( GEOMETRIC_REPRESENTATION_CONTEXT ( 3 ) GLOBAL_UNCERTAINTY_ASSIGNED_CONTEXT ( ( #958 ) ) GLOBAL_UNIT_ASSIGNED_CONTEXT ( ( #1230, #1241, #998 ) ) REPRESENTATION_CONTEXT ( 'NONE', 'WORKASPACE' ) );
#1124 = SURFACE_STYLE_USAGE ( .BOTH. , #481 ) ;
#1125 =( GEOMETRIC_REPRESENTATION_CONTEXT ( 3 ) GLOBAL_UNCERTAINTY_ASSIGNED_CONTEXT ( ( #253 ) ) GLOBAL_UNIT_ASSIGNED_CONTEXT ( ( #576, #195, #729 ) ) REPRESENTATION_CONTEXT ( 'NONE', 'WORKASPACE' ) );
#1126 = DIRECTION ( 'NONE',  ( -0.000000000000000000, 1.000000000000000000, 1.224646799147353207E-16 ) ) ;
#1127 =( LENGTH_UNIT ( ) NAMED_UNIT ( * ) SI_UNIT ( .MILLI., .METRE. ) );
#1128 = VERTEX_POINT ( 'NONE', #280 ) ;
#1129 = EDGE_LOOP ( 'NONE', ( #996, #482, #1348, #1108 ) ) ;
#1130 = PRESENTATION_STYLE_ASSIGNMENT (( #433 ) ) ;
#1131 = STYLED_ITEM ( 'NONE', ( #317 ), #347 ) ;
#1132 = COLOUR_RGB ( '',0.8509803921568627194, 0.8509803921568627194, 0.8509803921568627194 ) ;
#1133 = DIRECTION ( 'NONE',  ( 0.000000000000000000, 0.000000000000000000, 1.000000000000000000 ) ) ;
#1134 = CARTESIAN_POINT ( 'NONE',  ( 7.249999999999999112, 0.000000000000000000, 2.500000000000000444 ) ) ;
#1135 = DIRECTION ( 'NONE',  ( 0.000000000000000000, 0.000000000000000000, 1.000000000000000000 ) ) ;
#1136 =( GEOMETRIC_REPRESENTATION_CONTEXT ( 3 ) GLOBAL_UNCERTAINTY_ASSIGNED_CONTEXT ( ( #861 ) ) GLOBAL_UNIT_ASSIGNED_CONTEXT ( ( #455, #1119, #920 ) ) REPRESENTATION_CONTEXT ( 'NONE', 'WORKASPACE' ) );
#1137 = EDGE_CURVE ( 'NONE', #1332, #645, #397, .T. ) ;
#1138 =( NAMED_UNIT ( * ) PLANE_ANGLE_UNIT ( ) SI_UNIT ( $, .RADIAN. ) );
#1139 = ORIENTED_EDGE ( 'NONE', *, *, #414, .T. ) ;
#1140 = ORIENTED_EDGE ( 'NONE', *, *, #252, .F. ) ;
#1141 = DIRECTION ( 'NONE',  ( 0.000000000000000000, 0.000000000000000000, 1.000000000000000000 ) ) ;
#1142 = DIRECTION ( 'NONE',  ( -1.000000000000000000, -0.000000000000000000, -0.000000000000000000 ) ) ;
#1143 = EDGE_CURVE ( 'NONE', #1067, #739, #1404, .T. ) ;
#1144 = SURFACE_STYLE_USAGE ( .BOTH. , #57 ) ;
#1145 = DIRECTION ( 'NONE',  ( 1.000000000000000000, 0.000000000000000000, 0.000000000000000000 ) ) ;
#1146 = CARTESIAN_POINT ( 'NONE',  ( 5.588562172233852543, 0.000000000000000000, 2.500000000000000444 ) ) ;
#1147 = CARTESIAN_POINT ( 'NONE',  ( -8.949999999999999289, 0.000000000000000000, 2.500000000000000444 ) ) ;
#1148 = ORIENTED_EDGE ( 'NONE', *, *, #102, .T. ) ;
#1149 = SURFACE_SIDE_STYLE ('',( #1281 ) ) ;
#1150 =( LENGTH_UNIT ( ) NAMED_UNIT ( * ) SI_UNIT ( .MILLI., .METRE. ) );
#1151 = AXIS2_PLACEMENT_3D ( 'NONE', #494, #491, #725 ) ;
#1152 = CARTESIAN_POINT ( 'NONE',  ( 4.230484486679745970, 0.000000000000000000, 5.675000000000000711 ) ) ;
#1153 = DIRECTION ( 'NONE',  ( 0.000000000000000000, 0.000000000000000000, -1.000000000000000000 ) ) ;
#1154 = STYLED_ITEM ( 'NONE', ( #275 ), #625 ) ;
#1155 = AXIS2_PLACEMENT_3D ( 'NONE', #478, #1354, #793 ) ;
#1156 = COLOUR_RGB ( '',1.000000000000000000, 0.7254901960784313486, 0.5607843137254902022 ) ;
#1157 = ORIENTED_EDGE ( 'NONE', *, *, #147, .F. ) ;
#1158 = PRESENTATION_LAYER_ASSIGNMENT (  '', '', ( #1361 ) ) ;
#1159 = CYLINDRICAL_SURFACE ( 'NONE', #396, 2.174999999999999822 ) ;
#1160 = MECHANICAL_DESIGN_GEOMETRIC_PRESENTATION_REPRESENTATION (  '', ( #1368 ), #313 ) ;
#1161 = ADVANCED_FACE ( 'NONE', ( #72 ), #59, .T. ) ;
#1162 = ORIENTED_EDGE ( 'NONE', *, *, #47, .T. ) ;
#1163 =( NAMED_UNIT ( * ) SI_UNIT ( $, .STERADIAN. ) SOLID_ANGLE_UNIT ( ) );
#1164 =( LENGTH_UNIT ( ) NAMED_UNIT ( * ) SI_UNIT ( .MILLI., .METRE. ) );
#1165 = ORIENTED_EDGE ( 'NONE', *, *, #880, .F. ) ;
#1166 = ORIENTED_EDGE ( 'NONE', *, *, #1086, .T. ) ;
#1167 = CIRCLE ( 'NONE', #530, 1.249999999999999334 ) ;
#1168 = FILL_AREA_STYLE_COLOUR ( '', #746 ) ;
#1169 = UNCERTAINTY_MEASURE_WITH_UNIT (LENGTH_MEASURE( 1.000000000000000082E-05 ), #1109, 'distance_accuracy_value', 'NONE');
#1170 = CARTESIAN_POINT ( 'NONE',  ( -7.750000000000000000, 0.000000000000000000, 2.500000000000000444 ) ) ;
#1171 = PLANE ( 'NONE',  #1344 ) ;
#1172 = DIRECTION ( 'NONE',  ( -1.000000000000000000, -0.000000000000000000, -0.000000000000000000 ) ) ;
#1173 = DIRECTION ( 'NONE',  ( 0.000000000000000000, 0.000000000000000000, 1.000000000000000000 ) ) ;
#1174 = CYLINDRICAL_SURFACE ( 'NONE', #1362, 0.3499999999999996447 ) ;
#1175 = ORIENTED_EDGE ( 'NONE', *, *, #742, .T. ) ;
#1176 = VECTOR ( 'NONE', #1353, 1000.000000000000000 ) ;
#1177 = UNCERTAINTY_MEASURE_WITH_UNIT (LENGTH_MEASURE( 1.000000000000000082E-05 ), #656, 'distance_accuracy_value', 'NONE');
#1178 = ORIENTED_EDGE ( 'NONE', *, *, #220, .F. ) ;
#1179 = CIRCLE ( 'NONE', #926, 0.8499999999999996447 ) ;
#1180 = AXIS2_PLACEMENT_3D ( 'NONE', #863, #1214, #242 ) ;
#1181 =( NAMED_UNIT ( * ) PLANE_ANGLE_UNIT ( ) SI_UNIT ( $, .RADIAN. ) );
#1182 = CARTESIAN_POINT ( 'NONE',  ( 8.949999999999999289, 4.286263797015741525E-17, 2.149999999999999911 ) ) ;
#1183 = DIRECTION ( 'NONE',  ( -0.000000000000000000, 1.000000000000000000, 1.224646799147353207E-16 ) ) ;
#1184 = ADVANCED_FACE ( 'NONE', ( #921 ), #1213, .T. ) ;
#1185 = PRESENTATION_LAYER_ASSIGNMENT (  '', '', ( #805 ) ) ;
#1186 = AXIS2_PLACEMENT_3D ( 'NONE', #1134, #258, #289 ) ;
#1187 = ORIENTED_EDGE ( 'NONE', *, *, #1245, .F. ) ;
#1188 = UNCERTAINTY_MEASURE_WITH_UNIT (LENGTH_MEASURE( 1.000000000000000082E-05 ), #350, 'distance_accuracy_value', 'NONE');
#1189 = ADVANCED_FACE ( 'NONE', ( #9 ), #1079, .F. ) ;
#1190 = SURFACE_STYLE_USAGE ( .BOTH. , #540 ) ;
#1191 = ORIENTED_EDGE ( 'NONE', *, *, #531, .F. ) ;
#1192 = ORIENTED_EDGE ( 'NONE', *, *, #513, .F. ) ;
#1193 = SURFACE_STYLE_FILL_AREA ( #741 ) ;
#1194 = DIRECTION ( 'NONE',  ( 1.000000000000000000, 0.000000000000000000, -0.000000000000000000 ) ) ;
#1195 = AXIS2_PLACEMENT_3D ( 'NONE', #941, #256, #598 ) ;
#1196 = COLOUR_RGB ( '',0.8509803921568627194, 0.8509803921568627194, 0.8509803921568627194 ) ;
#1197 = ORIENTED_EDGE ( 'NONE', *, *, #47, .F. ) ;
#1198 =( NAMED_UNIT ( * ) SI_UNIT ( $, .STERADIAN. ) SOLID_ANGLE_UNIT ( ) );
#1199 = AXIS2_PLACEMENT_3D ( 'NONE', #1272, #570, #153 ) ;
#1200 = PRESENTATION_LAYER_ASSIGNMENT (  '', '', ( #1228 ) ) ;
#1201 = UNCERTAINTY_MEASURE_WITH_UNIT (LENGTH_MEASURE( 1.000000000000000082E-05 ), #1127, 'distance_accuracy_value', 'NONE');
#1202 = CIRCLE ( 'NONE', #1155, 1.000000000000000000 ) ;
#1203 = SURFACE_STYLE_FILL_AREA ( #486 ) ;
#1204 = PRESENTATION_LAYER_ASSIGNMENT (  '', '', ( #382 ) ) ;
#1205 =( NAMED_UNIT ( * ) SI_UNIT ( $, .STERADIAN. ) SOLID_ANGLE_UNIT ( ) );
#1206 =( NAMED_UNIT ( * ) SI_UNIT ( $, .STERADIAN. ) SOLID_ANGLE_UNIT ( ) );
#1207 = FILL_AREA_STYLE_COLOUR ( '', #1156 ) ;
#1208 = DIRECTION ( 'NONE',  ( -1.000000000000000000, -0.000000000000000000, -0.000000000000000000 ) ) ;
#1209 = MECHANICAL_DESIGN_GEOMETRIC_PRESENTATION_REPRESENTATION (  '', ( #805 ), #1337 ) ;
#1210 = EDGE_CURVE ( 'NONE', #308, #752, #720, .T. ) ;
#1211 = EDGE_LOOP ( 'NONE', ( #371, #368, #325, #443 ) ) ;
#1212 = COLOUR_RGB ( '',1.000000000000000000, 1.000000000000000000, 1.000000000000000000 ) ;
#1213 = CYLINDRICAL_SURFACE ( 'NONE', #595, 2.174999999999999822 ) ;
#1214 = DIRECTION ( 'NONE',  ( -0.000000000000000000, -1.000000000000000000, 0.000000000000000000 ) ) ;
#1215 = PLANE ( 'NONE',  #1050 ) ;
#1216 = FACE_OUTER_BOUND ( 'NONE', #724, .T. ) ;
#1217 = CARTESIAN_POINT ( 'NONE',  ( 4.230484486679745082, 2.663606788145493121E-16, 0.3250000000000006217 ) ) ;
#1218 = DIRECTION ( 'NONE',  ( -1.000000000000000000, 0.000000000000000000, 2.589139516383294311E-16 ) ) ;
#1219 = AXIS2_PLACEMENT_3D ( 'NONE', #1152, #1396, #372 ) ;
#1220 = EDGE_LOOP ( 'NONE', ( #616, #591, #701, #1413 ) ) ;
#1221 = DIRECTION ( 'NONE',  ( 0.000000000000000000, 0.000000000000000000, -1.000000000000000000 ) ) ;
#1222 = SURFACE_SIDE_STYLE ('',( #761 ) ) ;
#1223 = DIRECTION ( 'NONE',  ( 0.000000000000000000, 0.000000000000000000, 1.000000000000000000 ) ) ;
#1224 = VERTEX_POINT ( 'NONE', #1350 ) ;
#1225 = COLOUR_RGB ( '',1.000000000000000000, 0.7254901960784313486, 0.5607843137254902022 ) ;
#1226 =( NAMED_UNIT ( * ) SI_UNIT ( $, .STERADIAN. ) SOLID_ANGLE_UNIT ( ) );
#1227 = MANIFOLD_SOLID_BREP ( '旋转1', #1258 ) ;
#1228 = STYLED_ITEM ( 'NONE', ( #506 ), #609 ) ;
#1229 = EDGE_CURVE ( 'NONE', #388, #645, #247, .T. ) ;
#1230 =( LENGTH_UNIT ( ) NAMED_UNIT ( * ) SI_UNIT ( .MILLI., .METRE. ) );
#1231 = SURFACE_SIDE_STYLE ('',( #1352 ) ) ;
#1232 = PRESENTATION_STYLE_ASSIGNMENT (( #1100 ) ) ;
#1233 = SURFACE_SIDE_STYLE ('',( #1110 ) ) ;
#1234 = DIRECTION ( 'NONE',  ( -1.000000000000000000, -0.000000000000000000, -0.000000000000000000 ) ) ;
#1235 = FILL_AREA_STYLE_COLOUR ( '', #1409 ) ;
#1236 = LINE ( 'NONE', #813, #1331 ) ;
#1237 = LINE ( 'NONE', #163, #1053 ) ;
#1238 = UNCERTAINTY_MEASURE_WITH_UNIT (LENGTH_MEASURE( 1.000000000000000082E-05 ), #648, 'distance_accuracy_value', 'NONE');
#1239 = PRESENTATION_LAYER_ASSIGNMENT (  '', '', ( #155 ) ) ;
#1240 = ORIENTED_EDGE ( 'NONE', *, *, #1063, .T. ) ;
#1241 =( NAMED_UNIT ( * ) PLANE_ANGLE_UNIT ( ) SI_UNIT ( $, .RADIAN. ) );
#1242 = CARTESIAN_POINT ( 'NONE',  ( 4.230484486679745082, 0.000000000000000000, 4.675000000000000711 ) ) ;
#1243 = SURFACE_SIDE_STYLE ('',( #778 ) ) ;
#1244 = AXIS2_PLACEMENT_3D ( 'NONE', #452, #1012, #676 ) ;
#1245 = EDGE_CURVE ( 'NONE', #959, #192, #902, .T. ) ;
#1246 =( NAMED_UNIT ( * ) SI_UNIT ( $, .STERADIAN. ) SOLID_ANGLE_UNIT ( ) );
#1247 = DIRECTION ( 'NONE',  ( -1.000000000000000000, -0.000000000000000000, -0.000000000000000000 ) ) ;
#1248 = PRESENTATION_STYLE_ASSIGNMENT (( #802 ) ) ;
#1249 = FILL_AREA_STYLE_COLOUR ( '', #457 ) ;
#1250 = SURFACE_STYLE_USAGE ( .BOTH. , #698 ) ;
#1251 = CARTESIAN_POINT ( 'NONE',  ( -4.683177048531114828, 0.000000000000000000, 2.500000000000000444 ) ) ;
#1252 = FILL_AREA_STYLE ('',( #907 ) ) ;
#1253 =( GEOMETRIC_REPRESENTATION_CONTEXT ( 3 ) GLOBAL_UNCERTAINTY_ASSIGNED_CONTEXT ( ( #402 ) ) GLOBAL_UNIT_ASSIGNED_CONTEXT ( ( #338, #1009, #44 ) ) REPRESENTATION_CONTEXT ( 'NONE', 'WORKASPACE' ) );
#1254 = COLOUR_RGB ( '',1.000000000000000000, 0.7254901960784313486, 0.5607843137254902022 ) ;
#1255 = DIRECTION ( 'NONE',  ( -1.000000000000000000, 0.000000000000000000, 0.000000000000000000 ) ) ;
#1256 = FILL_AREA_STYLE_COLOUR ( '', #1333 ) ;
#1257 = COLOUR_RGB ( '',1.000000000000000000, 0.7254901960784313486, 0.5607843137254902022 ) ;
#1258 = CLOSED_SHELL ( 'NONE', ( #609, #717, #786, #949, #401, #303, #1189, #332, #1030, #594, #841, #1184, #321, #1330, #972, #1377, #1311, #856, #380, #169, #347, #471, #938, #116, #925, #818, #654, #312, #507, #1161, #1349, #625, #1289, #703 ) ) ;
#1259 =( GEOMETRIC_REPRESENTATION_CONTEXT ( 3 ) GLOBAL_UNCERTAINTY_ASSIGNED_CONTEXT ( ( #1074 ) ) GLOBAL_UNIT_ASSIGNED_CONTEXT ( ( #148, #53, #1246 ) ) REPRESENTATION_CONTEXT ( 'NONE', 'WORKASPACE' ) );
#1260 = DIRECTION ( 'NONE',  ( -2.589139516383294311E-16, -0.000000000000000000, -1.000000000000000000 ) ) ;
#1261 = MECHANICAL_DESIGN_GEOMETRIC_PRESENTATION_REPRESENTATION (  '', ( #1361 ), #620 ) ;
#1262 = CIRCLE ( 'NONE', #622, 0.3499999999999996447 ) ;
#1263 =( NAMED_UNIT ( * ) SI_UNIT ( $, .STERADIAN. ) SOLID_ANGLE_UNIT ( ) );
#1264 = EDGE_CURVE ( 'NONE', #975, #981, #108, .T. ) ;
#1265 = PRESENTATION_LAYER_ASSIGNMENT (  '', '', ( #1368 ) ) ;
#1266 = EDGE_LOOP ( 'NONE', ( #1395, #88, #8, #859 ) ) ;
#1267 = DIRECTION ( 'NONE',  ( -2.589139516383294311E-16, -0.000000000000000000, -1.000000000000000000 ) ) ;
#1268 = ORIENTED_EDGE ( 'NONE', *, *, #1245, .T. ) ;
#1269 = ORIENTED_EDGE ( 'NONE', *, *, #178, .T. ) ;
#1270 = DIRECTION ( 'NONE',  ( 0.000000000000000000, 0.000000000000000000, 1.000000000000000000 ) ) ;
#1271 = SURFACE_STYLE_USAGE ( .BOTH. , #918 ) ;
#1272 = CARTESIAN_POINT ( 'NONE',  ( -7.750000000000000000, 1.040949779275249770E-16, 1.650000000000000799 ) ) ;
#1273 = DIRECTION ( 'NONE',  ( -1.000000000000000000, -0.000000000000000000, -0.000000000000000000 ) ) ;
#1274 = DIRECTION ( 'NONE',  ( 0.000000000000000000, 0.000000000000000000, 1.000000000000000000 ) ) ;
#1275 = CARTESIAN_POINT ( 'NONE',  ( -9.750000000000001776, 0.000000000000000000, -5.000000000000000000 ) ) ;
#1276 = CARTESIAN_POINT ( 'NONE',  ( -4.683177048531114828, 2.796276858053123456E-16, 0.2166666666666670904 ) ) ;
#1277 = PRESENTATION_LAYER_ASSIGNMENT (  '', '', ( #304 ) ) ;
#1278 = ORIENTED_EDGE ( 'NONE', *, *, #880, .T. ) ;
#1279 = EDGE_LOOP ( 'NONE', ( #316, #721, #1023, #77 ) ) ;
#1280 = SURFACE_STYLE_USAGE ( .BOTH. , #916 ) ;
#1281 = SURFACE_STYLE_FILL_AREA ( #1391 ) ;
#1282 = CARTESIAN_POINT ( 'NONE',  ( -6.911437827766146569, 0.000000000000000000, 2.500000000000000444 ) ) ;
#1283 = FILL_AREA_STYLE_COLOUR ( '', #190 ) ;
#1284 =( GEOMETRIC_REPRESENTATION_CONTEXT ( 3 ) GLOBAL_UNCERTAINTY_ASSIGNED_CONTEXT ( ( #630 ) ) GLOBAL_UNIT_ASSIGNED_CONTEXT ( ( #599, #705, #951 ) ) REPRESENTATION_CONTEXT ( 'NONE', 'WORKASPACE' ) );
#1285 = SURFACE_STYLE_FILL_AREA ( #1386 ) ;
#1286 = ORIENTED_EDGE ( 'NONE', *, *, #65, .F. ) ;
#1287 =( GEOMETRIC_REPRESENTATION_CONTEXT ( 3 ) GLOBAL_UNCERTAINTY_ASSIGNED_CONTEXT ( ( #565 ) ) GLOBAL_UNIT_ASSIGNED_CONTEXT ( ( #207, #753, #1226 ) ) REPRESENTATION_CONTEXT ( 'NONE', 'WORKASPACE' ) );
#1288 = ORIENTED_EDGE ( 'NONE', *, *, #1068, .F. ) ;
#1289 = ADVANCED_FACE ( 'NONE', ( #188 ), #1298, .T. ) ;
#1290 = CIRCLE ( 'NONE', #344, 2.174999999999999822 ) ;
#1291 = CARTESIAN_POINT ( 'NONE',  ( -5.588562172233852543, 0.000000000000000000, 2.500000000000000444 ) ) ;
#1292 = DIRECTION ( 'NONE',  ( -1.000000000000000000, -0.000000000000000000, -0.000000000000000000 ) ) ;
#1293 = MECHANICAL_DESIGN_GEOMETRIC_PRESENTATION_REPRESENTATION (  '', ( #1154 ), #748 ) ;
#1294 = CIRCLE ( 'NONE', #1334, 1.999999999999999112 ) ;
#1295 = MECHANICAL_DESIGN_GEOMETRIC_PRESENTATION_REPRESENTATION (  '', ( #1131 ), #104 ) ;
#1296 = DIRECTION ( 'NONE',  ( -2.589139516383294311E-16, -0.000000000000000000, -1.000000000000000000 ) ) ;
#1297 = FACE_OUTER_BOUND ( 'NONE', #1211, .T. ) ;
#1298 = TOROIDAL_SURFACE ( 'NONE', #404, 0.7999999999999994893, 0.3499999999999996447 ) ;
#1299 = PLANE ( 'NONE',  #1151 ) ;
#1300 =( NAMED_UNIT ( * ) PLANE_ANGLE_UNIT ( ) SI_UNIT ( $, .RADIAN. ) );
#1301 = ORIENTED_EDGE ( 'NONE', *, *, #986, .F. ) ;
#1302 = CARTESIAN_POINT ( 'NONE',  ( 7.249999999999999112, 0.000000000000000000, 3.750000000000000000 ) ) ;
#1303 = SURFACE_STYLE_FILL_AREA ( #834 ) ;
#1304 = CARTESIAN_POINT ( 'NONE',  ( -6.911437827766146569, 0.000000000000000000, 4.500000000000000888 ) ) ;
#1305 = ORIENTED_EDGE ( 'NONE', *, *, #319, .F. ) ;
#1306 = AXIS2_PLACEMENT_3D ( 'NONE', #1013, #1095, #125 ) ;
#1307 = DIRECTION ( 'NONE',  ( -1.000000000000000000, -0.000000000000000000, -0.000000000000000000 ) ) ;
#1308 = DIRECTION ( 'NONE',  ( -1.000000000000000000, -0.000000000000000000, -0.000000000000000000 ) ) ;
#1309 = ORIENTED_EDGE ( 'NONE', *, *, #1143, .T. ) ;
#1310 = SURFACE_SIDE_STYLE ('',( #833 ) ) ;
#1311 = ADVANCED_FACE ( 'NONE', ( #327 ), #90, .T. ) ;
#1312 = CARTESIAN_POINT ( 'NONE',  ( 9.750000000000000000, 0.000000000000000000, -5.000000000000000000 ) ) ;
#1313 = UNCERTAINTY_MEASURE_WITH_UNIT (LENGTH_MEASURE( 1.000000000000000082E-05 ), #1422, 'distance_accuracy_value', 'NONE');
#1314 = AXIS2_PLACEMENT_3D ( 'NONE', #1282, #458, #1405 ) ;
#1315 = ORIENTED_EDGE ( 'NONE', *, *, #730, .T. ) ;
#1316 = CIRCLE ( 'NONE', #542, 0.3499999999999996447 ) ;
#1317 = STYLED_ITEM ( 'NONE', ( #1367 ), #332 ) ;
#1318 =( LENGTH_UNIT ( ) NAMED_UNIT ( * ) SI_UNIT ( .MILLI., .METRE. ) );
#1319 = CARTESIAN_POINT ( 'NONE',  ( -8.949999999999999289, 0.000000000000000000, 4.675000000000000711 ) ) ;
#1320 = SURFACE_STYLE_USAGE ( .BOTH. , #548 ) ;
#1321 = VERTEX_POINT ( 'NONE', #123 ) ;
#1322 = ORIENTED_EDGE ( 'NONE', *, *, #1229, .F. ) ;
#1323 = PRESENTATION_STYLE_ASSIGNMENT (( #218 ) ) ;
#1324 = COLOUR_RGB ( '',1.000000000000000000, 0.7254901960784313486, 0.5607843137254902022 ) ;
#1325 = PRESENTATION_STYLE_ASSIGNMENT (( #410 ) ) ;
#1326 =( LENGTH_UNIT ( ) NAMED_UNIT ( * ) SI_UNIT ( .MILLI., .METRE. ) );
#1327 = VERTEX_POINT ( 'NONE', #1276 ) ;
#1328 = PRESENTATION_STYLE_ASSIGNMENT (( #1343 ) ) ;
#1329 = DIRECTION ( 'NONE',  ( 0.000000000000000000, 0.000000000000000000, 1.000000000000000000 ) ) ;
#1330 = ADVANCED_FACE ( 'NONE', ( #282 ), #1411, .T. ) ;
#1331 = VECTOR ( 'NONE', #1260, 1000.000000000000000 ) ;
#1332 = VERTEX_POINT ( 'NONE', #797 ) ;
#1333 = COLOUR_RGB ( '',1.000000000000000000, 0.7254901960784313486, 0.5607843137254902022 ) ;
#1334 = AXIS2_PLACEMENT_3D ( 'NONE', #685, #459, #358 ) ;
#1335 = DIRECTION ( 'NONE',  ( -0.000000000000000000, 1.000000000000000000, 1.224646799147353207E-16 ) ) ;
#1336 = DIRECTION ( 'NONE',  ( -2.589139516383294804E-16, 0.000000000000000000, -1.000000000000000000 ) ) ;
#1337 =( GEOMETRIC_REPRESENTATION_CONTEXT ( 3 ) GLOBAL_UNCERTAINTY_ASSIGNED_CONTEXT ( ( #667 ) ) GLOBAL_UNIT_ASSIGNED_CONTEXT ( ( #604, #463, #709 ) ) REPRESENTATION_CONTEXT ( 'NONE', 'WORKASPACE' ) );
#1338 =( NAMED_UNIT ( * ) PLANE_ANGLE_UNIT ( ) SI_UNIT ( $, .RADIAN. ) );
#1339 = ORIENTED_EDGE ( 'NONE', *, *, #319, .T. ) ;
#1340 = MECHANICAL_DESIGN_GEOMETRIC_PRESENTATION_REPRESENTATION (  '', ( #1317 ), #952 ) ;
#1341 = AXIS2_PLACEMENT_3D ( 'NONE', #1275, #735, #913 ) ;
#1342 = CARTESIAN_POINT ( 'NONE',  ( -8.949999999999999289, 0.000000000000000000, 1.700000000000000178 ) ) ;
#1343 = SURFACE_STYLE_USAGE ( .BOTH. , #107 ) ;
#1344 = AXIS2_PLACEMENT_3D ( 'NONE', #635, #392, #1194 ) ;
#1345 =( NAMED_UNIT ( * ) PLANE_ANGLE_UNIT ( ) SI_UNIT ( $, .RADIAN. ) );
#1346 = DIRECTION ( 'NONE',  ( -1.000000000000000000, 0.000000000000000000, 0.000000000000000000 ) ) ;
#1347 = AXIS2_PLACEMENT_3D ( 'NONE', #379, #1183, #847 ) ;
#1348 = ORIENTED_EDGE ( 'NONE', *, *, #1403, .T. ) ;
#1349 = ADVANCED_FACE ( 'NONE', ( #601 ), #927, .T. ) ;
#1350 = CARTESIAN_POINT ( 'NONE',  ( -7.750000000000000000, 7.347880794884116531E-17, 2.150000000000000799 ) ) ;
#1351 = PRESENTATION_LAYER_ASSIGNMENT (  '', '', ( #763 ) ) ;
#1352 = SURFACE_STYLE_FILL_AREA ( #11 ) ;
#1353 = DIRECTION ( 'NONE',  ( -1.000000000000000000, -0.000000000000000000, -0.000000000000000000 ) ) ;
#1354 = DIRECTION ( 'NONE',  ( 0.000000000000000000, -1.000000000000000000, 0.000000000000000000 ) ) ;
#1355 = MECHANICAL_DESIGN_GEOMETRIC_PRESENTATION_REPRESENTATION (  '', ( #236 ), #655 ) ;
#1356 = AXIS2_PLACEMENT_3D ( 'NONE', #391, #1307, #684 ) ;
#1357 = AXIS2_PLACEMENT_3D ( 'NONE', #803, #776, #292 ) ;
#1358 = EDGE_CURVE ( 'NONE', #535, #383, #923, .T. ) ;
#1359 = CIRCLE ( 'NONE', #1098, 0.3499999999999996447 ) ;
#1360 = CIRCLE ( 'NONE', #310, 2.174999999999999822 ) ;
#1361 = STYLED_ITEM ( 'NONE', ( #1232 ), #321 ) ;
#1362 = AXIS2_PLACEMENT_3D ( 'NONE', #1412, #966, #525 ) ;
#1363 = CARTESIAN_POINT ( 'NONE',  ( 7.249999999999999112, 0.000000000000000000, 2.500000000000000444 ) ) ;
#1364 = PRESENTATION_STYLE_ASSIGNMENT (( #434 ) ) ;
#1365 = EDGE_CURVE ( 'NONE', #318, #1085, #876, .T. ) ;
#1366 = UNCERTAINTY_MEASURE_WITH_UNIT (LENGTH_MEASURE( 1.000000000000000082E-05 ), #862, 'distance_accuracy_value', 'NONE');
#1367 = PRESENTATION_STYLE_ASSIGNMENT (( #1144 ) ) ;
#1368 = STYLED_ITEM ( 'NONE', ( #1328 ), #1189 ) ;
#1369 = ORIENTED_EDGE ( 'NONE', *, *, #899, .F. ) ;
#1370 = FACE_OUTER_BOUND ( 'NONE', #661, .T. ) ;
#1371 =( NAMED_UNIT ( * ) PLANE_ANGLE_UNIT ( ) SI_UNIT ( $, .RADIAN. ) );
#1372 = DIRECTION ( 'NONE',  ( 0.000000000000000000, 0.000000000000000000, 1.000000000000000000 ) ) ;
#1373 = CARTESIAN_POINT ( 'NONE',  ( 4.683177048531114828, 0.000000000000000000, 4.783333333333334103 ) ) ;
#1374 =( GEOMETRIC_REPRESENTATION_CONTEXT ( 3 ) GLOBAL_UNCERTAINTY_ASSIGNED_CONTEXT ( ( #3 ) ) GLOBAL_UNIT_ASSIGNED_CONTEXT ( ( #660, #669, #559 ) ) REPRESENTATION_CONTEXT ( 'NONE', 'WORKASPACE' ) );
#1375 = EDGE_LOOP ( 'NONE', ( #970, #1166, #909, #390 ) ) ;
#1376 = DIRECTION ( 'NONE',  ( -1.000000000000000000, -0.000000000000000000, -0.000000000000000000 ) ) ;
#1377 = ADVANCED_FACE ( 'NONE', ( #817 ), #375, .T. ) ;
#1378 = CARTESIAN_POINT ( 'NONE',  ( 8.949999999999992184, 0.000000000000000000, 2.500000000000000444 ) ) ;
#1379 = TOROIDAL_SURFACE ( 'NONE', #612, 1.249999999999999778, 1.000000000000000000 ) ;
#1380 = CYLINDRICAL_SURFACE ( 'NONE', #122, 0.3499999999999996447 ) ;
#1381 = DIRECTION ( 'NONE',  ( 0.000000000000000000, 0.000000000000000000, 1.000000000000000000 ) ) ;
#1382 = COLOUR_RGB ( '',0.8509803921568627194, 0.8509803921568627194, 0.8509803921568627194 ) ;
#1383 = SURFACE_STYLE_USAGE ( .BOTH. , #714 ) ;
#1384 = DIRECTION ( 'NONE',  ( -1.000000000000000000, -0.000000000000000000, -0.000000000000000000 ) ) ;
#1385 = COLOUR_RGB ( '',1.000000000000000000, 0.7254901960784313486, 0.5607843137254902022 ) ;
#1386 = FILL_AREA_STYLE ('',( #296 ) ) ;
#1387 = DIRECTION ( 'NONE',  ( -1.000000000000000000, -0.000000000000000000, -0.000000000000000000 ) ) ;
#1388 = MECHANICAL_DESIGN_GEOMETRIC_PRESENTATION_REPRESENTATION (  '', ( #830 ), #22 ) ;
#1389 = ORIENTED_EDGE ( 'NONE', *, *, #183, .F. ) ;
#1390 = ORIENTED_EDGE ( 'NONE', *, *, #962, .T. ) ;
#1391 = FILL_AREA_STYLE ('',( #362 ) ) ;
#1392 =( GEOMETRIC_REPRESENTATION_CONTEXT ( 3 ) GLOBAL_UNCERTAINTY_ASSIGNED_CONTEXT ( ( #1112 ) ) GLOBAL_UNIT_ASSIGNED_CONTEXT ( ( #474, #461, #1263 ) ) REPRESENTATION_CONTEXT ( 'NONE', 'WORKASPACE' ) );
#1393 = PRESENTATION_STYLE_ASSIGNMENT (( #1271 ) ) ;
#1394 = EDGE_CURVE ( 'NONE', #523, #197, #1017, .T. ) ;
#1395 = ORIENTED_EDGE ( 'NONE', *, *, #446, .F. ) ;
#1396 = DIRECTION ( 'NONE',  ( 0.000000000000000000, -1.000000000000000000, 0.000000000000000000 ) ) ;
#1397 = CARTESIAN_POINT ( 'NONE',  ( -7.249999999999999112, 0.000000000000000000, 2.500000000000000444 ) ) ;
#1398 = PRESENTATION_STYLE_ASSIGNMENT (( #1082 ) ) ;
#1399 =( NAMED_UNIT ( * ) PLANE_ANGLE_UNIT ( ) SI_UNIT ( $, .RADIAN. ) );
#1400 = AXIS2_PLACEMENT_3D ( 'NONE', #514, #399, #851 ) ;
#1401 = DIRECTION ( 'NONE',  ( 0.000000000000000000, 0.000000000000000000, 1.000000000000000000 ) ) ;
#1402 = CARTESIAN_POINT ( 'NONE',  ( 9.400000000000000355, 4.286263797015731048E-17, -5.000000000000000000 ) ) ;
#1403 = EDGE_CURVE ( 'NONE', #1128, #739, #355, .T. ) ;
#1404 = CIRCLE ( 'NONE', #745, 0.3499999999999996447 ) ;
#1405 = DIRECTION ( 'NONE',  ( 0.000000000000000000, 0.000000000000000000, 1.000000000000000000 ) ) ;
#1406 = AXIS2_PLACEMENT_3D ( 'NONE', #1024, #55, #278 ) ;
#1407 = MECHANICAL_DESIGN_GEOMETRIC_PRESENTATION_REPRESENTATION (  '', ( #324 ), #239 ) ;
#1408 = AXIS2_PLACEMENT_3D ( 'NONE', #771, #1384, #1133 ) ;
#1409 = COLOUR_RGB ( '',0.8509803921568627194, 0.8509803921568627194, 0.8509803921568627194 ) ;
#1410 = VERTEX_POINT ( 'NONE', #1373 ) ;
#1411 = CYLINDRICAL_SURFACE ( 'NONE', #271, 0.3499999999999996447 ) ;
#1412 = CARTESIAN_POINT ( 'NONE',  ( 8.949999999999992184, 0.000000000000000000, 2.500000000000000444 ) ) ;
#1413 = ORIENTED_EDGE ( 'NONE', *, *, #1035, .F. ) ;
#1414 = AXIS2_PLACEMENT_3D ( 'NONE', #1076, #983, #978 ) ;
#1415 = SURFACE_STYLE_USAGE ( .BOTH. , #500 ) ;
#1416 = UNCERTAINTY_MEASURE_WITH_UNIT (LENGTH_MEASURE( 1.000000000000000082E-05 ), #1417, 'distance_accuracy_value', 'NONE');
#1417 =( LENGTH_UNIT ( ) NAMED_UNIT ( * ) SI_UNIT ( .MILLI., .METRE. ) );
#1418 = ORIENTED_EDGE ( 'NONE', *, *, #211, .T. ) ;
#1419 = DIRECTION ( 'NONE',  ( -1.000000000000000000, 0.000000000000000000, 2.589139516383294804E-16 ) ) ;
#1420 = VECTOR ( 'NONE', #193, 1000.000000000000000 ) ;
#1421 = DIRECTION ( 'NONE',  ( 0.000000000000000000, 0.000000000000000000, -1.000000000000000000 ) ) ;
#1422 =( LENGTH_UNIT ( ) NAMED_UNIT ( * ) SI_UNIT ( .MILLI., .METRE. ) );
#1423 = EDGE_CURVE ( 'NONE', #529, #222, #130, .T. ) ;
#1424 = UNCERTAINTY_MEASURE_WITH_UNIT (LENGTH_MEASURE( 1.000000000000000082E-05 ), #1150, 'distance_accuracy_value', 'NONE');
#1425 = AXIS2_PLACEMENT_3D ( 'NONE', #1042, #623, #290 ) ;
#1426 = SURFACE_STYLE_FILL_AREA ( #232 ) ;
#1427 = ORIENTED_EDGE ( 'NONE', *, *, #273, .F. ) ;
#1428 = ORIENTED_EDGE ( 'NONE', *, *, #814, .F. ) ;
#1429 = TOROIDAL_SURFACE ( 'NONE', #772, 3.174999999999999822, 1.000000000000000000 ) ;
#1430 = FILL_AREA_STYLE ('',( #126 ) ) ;
ENDSEC;
END-ISO-10303-21;
